    Finished `test` profile [unoptimized + debuginfo] target(s) in 0.16s
     Running unittests src/lib.rs (target/debug/deps/zeppelin-962680734ebe8976)

running 651 tests
test cache::hydration::tests::test_session_window_triggers_at_threshold ... ok
test cache::hydration::tests::test_policy_trait_object_safety ... ok
test cache::hydration::tests::test_segment_rotation_retriggers ... ok
test cache::hydration::tests::test_session_window_resets_outside_window ... ok
test cache::decoded_cache::tests::scoped_segment_corpus_is_bounded_and_pointer_reused ... ok
test cache::manifest_cache::tests::test_insert_rejects_equal_version ... ok
test cache::manifest_cache::tests::test_insert_accepts_newer_version ... ok
test cache::manifest_cache::tests::test_insert_rejects_older_version ... ok
test cache::manifest_cache::tests::test_insert_rejects_manifest_older_than_injected_invalidation ... ok
test cache::manifest_cache::tests::test_manifest_cache_invalidate_empty ... ok
test cache::manifest_cache::tests::test_insert_rejects_stale_after_invalidation ... ok
test cache::manifest_cache::tests::test_manifest_cache_new ... ok
test cache::decoded_cache::tests::decode_error_is_not_cached ... ok
test cache::decoded_cache::tests::successful_decode_is_pointer_reused ... ok
test cache::decoded_cache::tests::zero_and_oversized_budgets_decode_without_retaining ... ok
test cache::decoded_cache::tests::one_key_cannot_change_decoded_artifact_variant ... ok
test cache::manifest_cache::tests::test_manifest_cache_singleflight_insert_and_get ... ok
test cache::tests::test_memory_cache_invalidate ... ok
test cache::tests::test_memory_cache_get_insert ... ok
test cache::hydration::tests::foreign_active_segment_hydration_uses_physical_origin_and_cache_incarnation ... ok
test cache::tests::test_memory_cache_overwrite ... ok
test cache::tests::test_memory_cache_total_size ... ok
test cache::tests::test_memory_cache_invalidate_prefix ... ok
test cache::tests::test_memory_cache_eviction ... ok
test cache::tests::test_memory_cache_pin_survives_eviction ... ok
test compaction::background::tests::namespace_discovery_refreshes_on_first_and_every_twelfth_tick ... ok
test compaction::gc::tests::candidate_revalidation_recomputes_reachability_from_manifest_before_deletion ... ok
test compaction::background::tests::namespace_incarnation_diff_deduplicates_replacements_and_tracks_removals ... ok
test cache::tests::test_decoded_cache_type_checked_and_invalidated ... ok
test compaction::gc::tests::crash_orphan_absent_from_both_manifests_is_not_a_delta_candidate ... ok
test compaction::gc::tests::cas_delta_candidates_are_exact_keys_that_left_reachability ... ok
test compaction::gc::tests::delete_predicate_epoch_guard_is_additional_to_time_horizon ... ok
test compaction::gc::tests::delete_predicate_honors_ulid_age_floor_and_inflight_watermark ... ok
test compaction::gc::tests::delete_predicate_table_is_fail_closed ... ok
test compaction::gc::tests::direct_hierarchical_nodes_enter_pending_delete_and_orphan_gc_grammar ... ok
test compaction::gc::tests::deletion_keys_must_be_owned_by_the_gc_target ... ok
test compaction::gc::tests::joined_phase_errors_keep_the_former_sequential_priority ... ok
test compaction::gc::tests::gc_runner_drops_memo_for_same_timestamp_new_incarnation ... ok
test cache::manifest_cache::tests::insert_accepts_newer_generation_with_equal_sequence ... ok
test cache::manifest_cache::tests::insert_accepts_newer_generation_across_frozen_clock_fence ... ok
test compaction::gc::tests::mark_pass_drops_candidate_that_became_reachable_again ... ok
test cache::manifest_cache::tests::legacy_remote_replacement_preserves_concurrent_higher_sequence ... ok
test cache::manifest_cache::tests::required_refresh_returns_concurrent_newer_write_through ... ok
test compaction::gc::tests::mark_pass_stamps_new_candidates_with_manifest_version ... ok
test compaction::gc::tests::pending_delete_horizon_retains_unparseable_key ... ok
test compaction::gc::tests::pending_delete_horizon_retains_young_key_even_with_old_manifest_update_time ... ok
test cache::manifest_cache::tests::concurrent_newer_publication_wins_before_stale_floor_error ... ok
test compaction::gc::tests::pending_delete_horizon_uses_key_ulid_age_not_manifest_update_time ... ok
test compaction::gc::tests::pending_delete_horizon_zero_drains_immediately ... ok
test compaction::gc::tests::legacy_candidate_without_epoch_decodes_as_very_old_generation ... ok
test compaction::gc::tests::candidate_store_round_trips_on_storage ... ok
test compaction::gc::tests::candidate_store_decodes_empty_versioned_and_legacy_json ... ok
test compaction::gc::tests::reachability_rejects_an_unresolvable_artifact_origin ... ok
test compaction::gc::tests::reachable_keys_are_deduplicated ... ok
test compaction::gc::tests::scoped_gc_grammar_rejects_arbitrary_nested_keys ... ok
test compaction::gc::tests::reachable_keys_with_staging_unions_active_staged_keys ... ok
test compaction::gc::tests::shared_carried_object_is_candidate_only_after_last_reference_releases_it ... ok
test compaction::gc::tests::scoped_artifacts_follow_parent_segment_reachability ... ok
test compaction::gc::tests::reachability_routes_immutable_refs_through_their_physical_origin ... ok
test compaction::gc::tests::reachable_keys_are_the_exact_manifest_references ... ok
test cache::manifest_cache::tests::invalidation_resets_required_minimum_captured_before_remote_read ... ok
test cache::manifest_cache::tests::invalidation_fences_inflight_required_fetch_across_recreation ... ok
test compaction::tests::gc_upload_window_drives_horizon_floor_and_compactor_abort_window ... ok
test compaction::tests::idle_trigger_preserves_requested_namespace_in_lifecycle_errors ... ok
test compaction::tests::nonempty_trigger_does_not_resolve_advisory_metadata ... ok
test compaction::tests::idle_trigger_rejects_creating_metadata_as_manifest_conflict ... ok
test compaction::tests::idle_trigger_rejects_invalid_namespace_overlay ... ok
test compaction::gc::tests::missing_rooted_history_fails_before_pruning_any_generation ... ok
test compaction::gc::tests::rooted_history_digest_mismatch_fails_before_pruning_any_generation ... ok
test compaction::tests::segment_layout_match_uses_scale_aware_centroid_count ... ok
test compaction::tests::should_compact_uses_supplied_snapshots_without_store_io ... ok
test compaction::tests::test_fragment_age_from_ulid_timestamp ... ok
test compaction::tests::test_should_compact_age_exceeded_single_fragment ... ok
test compaction::tests::test_should_compact_age_uses_injected_clock ... ok
test compaction::tests::test_should_compact_count_trigger_preserved ... ok
test compaction::tests::test_should_compact_bytes_exceeded ... ok
test compaction::tests::test_should_compact_fresh_fragment_below_thresholds ... ok
test compaction::tests::test_should_compact_rejects_pre_epoch_injected_clock ... ok
test compaction::tests::test_should_compact_zero_fragments_never_triggers ... ok
test compaction::tests::test_merge_pending_deletes_keeps_concurrent_keys ... ok
test config::tests::cost_latency_profiles_map_to_expected_gaps ... ok
test config::tests::default_gc_horizon_passes_floor ... ok
test config::tests::default_max_nprobe_covers_default_centroid_count ... ok
test config::tests::cursor_hmac_key_is_required_validated_and_redacted ... ok
test compaction::tests::idle_trigger_applies_valid_namespace_overlay ... ok
test compaction::tests::foreign_old_artifacts_never_become_deferred_deletion_candidates ... ok
test compaction::tests::idle_trigger_without_overlay_uses_process_defaults ... ok
test config::tests::gc_horizon_below_floor_is_rejected_with_all_inputs ... ok
test config::tests::bootstrap_wildcards_cannot_be_mixed_with_named_authority ... ok
test config::tests::gc_horizon_override_accepts_short_horizon_and_warns ... ok
test compaction::gc::tests::gc_horizon_honors_injected_now ... ok
test compaction::tests::foreign_old_segment_reads_source_physical_keys ... ok
test compaction::gc::tests::live_root_map_growth_invalidates_root_observation_and_idle_memo ... ok
test compaction::gc::tests::branch_roots_retain_history_after_one_of_two_shared_generation_roots_is_removed ... ok
test config::tests::scale_aware_ivf_defaults_and_bounds ... ok
test config::tests::security_audit_configuration_fails_loudly_when_unsafe ... ok
test config::tests::branching_defaults_and_hard_bounds_are_validated ... ok
test config::tests::decoded_artifact_cache_capacity_defaults_and_obeys_toml_and_env ... ok
test config::tests::validate_reports_all_violations_at_once ... ok
test config::tests::validate_reports_each_cross_field_rule ... ok
test config::tests::env_override_rejects_present_but_unparseable_port ... ok
test error::tests::audit_sink_error_converts_to_typed_zeppelin_error ... ok
test error::tests::index_unavailable_client_message_hides_manifest_counts ... ok
test error::tests::test_client_message_hides_internals ... ok
test error::tests::test_default_status_code ... ok
test error::tests::test_dimension_mismatch_status_code ... ok
test error::tests::test_display_formatting ... ok
test config::tests::gc_config_toml_roundtrips_and_doc_mentions_floor ... ok
test error::tests::test_every_variant_has_stable_code ... ok
test error::tests::test_from_bincode_error ... ok
test error::tests::test_internal_notfound_is_500_not_404 ... ok
test error::tests::test_manifest_not_found_status_code ... ok
test error::tests::test_namespace_already_exists_status_code ... ok
test error::tests::test_namespace_not_found_status_code ... ok
test error::tests::test_rate_limit_exceeded_status_code ... ok
test error::tests::test_retryable_and_retry_after ... ok
test error::tests::test_validation_status_code ... ok
test fts::bm25::tests::test_bm25_custom_params ... ok
test fts::bm25::tests::test_bm25_length_normalization ... ok
test fts::bm25::tests::test_bm25_multi_term ... ok
test fts::bm25::tests::test_bm25_single_term ... ok
test fts::bm25::tests::test_bm25_term_saturation ... ok
test fts::bm25::tests::test_bm25_zero_avg_doc_length ... ok
test fts::bm25::tests::test_bm25_zero_tf ... ok
test fts::bm25::tests::test_idf_all_docs ... ok
test fts::bm25::tests::test_idf_basic ... ok
test fts::bm25::tests::test_idf_rare_term_higher ... ok
test fts::global_index::tests::test_invalid_magic_rejected ... ok
test fts::global_index::tests::test_build_from_cluster_indexes ... ok
test fts::global_index::tests::test_search_basic ... ok
test config::tests::hydration_policy_defaults_and_parses ... ok
test fts::global_index::tests::test_search_missing_field ... ok
test fts::global_index::tests::test_search_prefix ... ok
test config::tests::old_compaction_upload_window_toml_is_rejected_as_removed ... ok
test fts::global_index::tests::test_serialize_deserialize_roundtrip ... ok
test fts::global_index::tests::test_matching_clusters ... ok
test fts::inverted_index::tests::test_empty_corpus ... ok
test fts::inverted_index::tests::test_magic_byte_validation ... ok
test fts::inverted_index::tests::test_idf_stats ... ok
test fts::inverted_index::tests::test_build_multiple_fields ... ok
test fts::inverted_index::tests::test_build_basic ... ok
test fts::inverted_index::tests::test_search_missing_field ... ok
test fts::inverted_index::tests::test_posting_list_sorted ... ok
test fts::inverted_index::tests::test_search_no_matches ... ok
test fts::inverted_index::tests::test_search_single_term ... ok
test fts::inverted_index::tests::test_search_multi_term ... ok
test fts::inverted_index::tests::test_single_doc ... ok
test config::tests::principal_rate_limits_default_and_obey_toml_and_environment ... ok
test config::tests::query_config_parses_explicit_gap_and_defaults_when_absent ... ok
test fts::inverted_index::tests::test_search_prefix ... ok
test config::tests::query_file_rejects_mutually_exclusive_gap_and_profile ... ok
test fts::rank_by::tests::test_empty_array_rejected ... ok
test fts::rank_by::tests::test_invalid_algo_rejected ... ok
test fts::rank_by::tests::test_extract_field_queries ... ok
test fts::rank_by::tests::test_missing_query_rejected ... ok
test fts::rank_by::tests::test_parse_nested ... ok
test fts::rank_by::tests::test_parse_product_weighted ... ok
test fts::rank_by::tests::test_parse_simple_bm25 ... ok
test fts::rank_by::tests::test_parse_sum_multi_field ... ok
test fts::rank_by::tests::test_serde_roundtrip ... ok
test fts::tokenizer::tests::test_empty_string ... ok
test fts::tokenizer::tests::test_fts_field_config_default ... ok
test config::tests::rerank_gap_env_overrides_file_and_rejects_malformed_value ... ok
test fts::tokenizer::tests::test_fts_field_config_validate_reports_all_bound_violations ... ok
test fts::tokenizer::tests::test_fts_language_default ... ok
test config::tests::rerank_gap_zero_is_valid_at_load ... ok
test config::tests::security_audit_defaults_are_enabled_and_flush_every_two_seconds ... ok
test config::tests::test_unknown_policy_name_fails_boot ... ok
test fts::tokenizer::tests::test_no_stemming ... ok
test config::tests::toml_unknown_key_is_startup_error ... ok
test fts::tokenizer::tests::test_only_stopwords ... ok
test fts::rank_by::tests::test_evaluate_simple ... ok
test fts::rank_by::tests::test_evaluate_sum_commutative ... ok
test fts::tokenizer::tests::test_fts_field_config_from_empty_json ... ok
test compaction::gc::tests::bounded_read_collection_drains_all_futures_and_preserves_input_order ... ok
test fts::tokenizer::tests::test_fts_language_serde_roundtrip ... ok
test fts::tokenizer::tests::test_prefix_mode ... ok
test fts::tokenizer::tests::test_max_token_length ... ok
test fts::tokenizer::tests::test_case_sensitive ... ok
test fts::tokenizer::tests::test_no_stopword_removal ... ok
test fts::tokenizer::tests::test_stemming ... ok
test fts::tokenizer::tests::test_basic_tokenization ... ok
test fts::tokenizer::tests::test_lowercase ... ok
test fts::tokenizer::tests::test_fts_field_config_serde_roundtrip ... ok
test fts::tokenizer::tests::test_stopwords_are_sane ... ok
test fts::tokenizer::tests::test_stopword_removal ... ok
test fts::inverted_index::tests::test_serialize_deserialize_roundtrip ... ok
test fts::tokenizer::tests::test_unicode_punctuation ... ok
test fts::wal_cache::tests::equal_ulids_from_different_physical_origins_do_not_alias ... ok
test fts::wal_cache::tests::cache_discriminator_separates_logical_field_sets_for_one_physical_fragment ... ok
test fts::wal_cache::tests::test_tokenization_correct ... ok
test config::tests::wal_fragment_cache_capacity_defaults_and_obeys_toml_and_env ... ok
test fts::wal_cache::tests::shared_physical_entry_survives_one_logical_scope_eviction ... ok
test fts::wal_cache::tests::cache_discriminator_separates_logical_analyzers_for_one_physical_fragment ... ok
test fts::wal_cache::tests::test_cache_hit ... ok
test fts::wal_scan::tests::test_wal_scan_empty_fragments ... ok
test fts::wal_cache::tests::test_evict_compacted ... ok
test fts::wal_scan::tests::cached_scan_keeps_equal_ulids_from_different_origins_distinct ... ok
test fts::wal_scan::tests::test_wal_scan_empty_query ... ok
test fts::wal_scan::tests::test_wal_scan_multi_field_sum ... ok
test fts::wal_scan::tests::test_wal_scan_with_deletes ... ok
test index::bitmap::build::tests::test_build_empty_list ... ok
test fts::wal_scan::tests::test_wal_scan_with_cache ... ok
test index::bitmap::build::tests::test_build_float_list_inverted ... ok
test index::bitmap::build::tests::test_build_bool_attrs ... ok
test index::bitmap::build::tests::test_build_integer_list_inverted ... ok
test index::bitmap::build::tests::test_build_none_attributes ... ok
test index::bitmap::build::tests::test_build_mixed_types ... ok
test index::bitmap::build::tests::test_build_null_handling ... ok
test index::bitmap::build::tests::test_build_numeric_sorted_keys ... ok
test index::bitmap::build::tests::test_build_simple_string_attrs ... ok
test index::bitmap::build::tests::test_build_string_list_inverted ... ok
test fts::wal_scan::tests::test_wal_scan_basic ... ok
test index::bitmap::evaluate::tests::test_eval_contains_string_returns_none ... ok
test index::bitmap::evaluate::tests::bitmap_filter_guarantee_truth_table ... ok
test index::bitmap::evaluate::tests::test_bitmap_matches_post_filter_exhaustive ... ok
test index::bitmap::evaluate::tests::test_build_then_evaluate_range ... ok
test index::bitmap::evaluate::tests::test_eval_in ... ok
test index::bitmap::evaluate::tests::test_eval_contains_list ... ok
test index::bitmap::evaluate::tests::test_eval_and ... ok
test index::bitmap::evaluate::tests::test_eval_eq_match ... ok
test index::bitmap::evaluate::tests::test_eval_eq_no_match ... ok
test index::bitmap::evaluate::tests::test_eval_and_with_none_subfilter ... ok
test index::bitmap::evaluate::tests::test_build_then_evaluate_compound ... ok
test index::bitmap::evaluate::tests::test_eval_missing_attribute_returns_none ... ok
test index::bitmap::evaluate::tests::test_build_then_evaluate_eq ... ok
test index::bitmap::evaluate::tests::test_eval_not_eq ... ok
test index::bitmap::evaluate::tests::test_eval_not ... ok
test index::bitmap::evaluate::tests::test_eval_nested_compound ... ok
test index::bitmap::evaluate::tests::test_eval_or ... ok
test index::bitmap::evaluate::tests::test_eval_or_with_none_subfilter ... ok
test index::bitmap::evaluate::tests::test_eval_not_in ... ok
test index::bitmap::tests::test_bitmap_key_deterministic ... ok
test index::bitmap::evaluate::tests::test_eval_range_gt_lt ... ok
test index::bitmap::evaluate::tests::test_eval_range_gte_lte ... ok
test index::bitmap::evaluate::tests::test_eval_range_open_ended ... ok
test index::bitmap::tests::test_bitmap_key_different_types_differ ... ok
test index::bitmap::tests::test_bitmap_key_float_stability ... ok
test index::bitmap::tests::test_bitmap_key_format ... ok
test index::bitmap::tests::test_empty_index_roundtrip ... ok
test index::bitmap::tests::test_invalid_magic_byte_rejected ... ok
test index::bitmap::tests::test_version_byte_current ... ok
test index::distance::tests::test_compute_distance_dispatch ... ok
test index::distance::tests::test_cosine_identical ... ok
test index::distance::tests::test_cosine_opposite ... ok
test index::bitmap::tests::test_serialize_deserialize_roundtrip ... ok
test index::distance::tests::test_dot_product_orthogonal ... ok
test index::distance::tests::test_dot_product_parallel ... ok
test index::distance::tests::test_euclidean_known ... ok
test index::distance::tests::test_euclidean_zero ... ok
test index::distance::tests::test_large_dimension ... ok
test index::distance::tests::test_normalize ... ok
test index::filter::tests::test_and_filter ... ok
test index::filter::tests::test_and_filter_one_fails ... ok
test index::filter::tests::test_complex_nested_filter ... ok
test index::filter::tests::test_contains_float_list ... ok
test index::filter::tests::test_contains_integer_list ... ok
test index::filter::tests::test_contains_string_list ... ok
test index::filter::tests::test_contains_substring ... ok
test index::filter::tests::test_eq_missing_field ... ok
test index::filter::tests::test_eq_string ... ok
test index::filter::tests::test_eq_string_list_membership ... ok
test index::filter::tests::test_in_filter ... ok
test index::filter::tests::test_integer_list_eq ... ok
test index::filter::tests::test_not_eq ... ok
test index::filter::tests::test_not_eq_missing_field ... ok
test index::filter::tests::test_not_filter ... ok
test index::filter::tests::test_not_in ... ok
test index::filter::tests::test_or_filter ... ok
test index::filter::tests::test_oversampled_k ... ok
test index::filter::tests::test_range_gt_lt ... ok
test index::filter::tests::test_range_gte_lte ... ok
test index::hierarchical::tests::test_s3_key_helpers ... ok
test index::hierarchical::tests::test_tree_meta_serde_roundtrip ... ok
test index::hierarchical::tests::test_tree_node_deserialize_header_size_overflow ... ok
test index::hierarchical::tests::test_tree_node_deserialize_huge_header ... ok
test index::hierarchical::tests::test_tree_node_deserialize_truncated ... ok
test index::hierarchical::tests::test_tree_node_serde_roundtrip_internal ... ok
test index::hierarchical::tests::test_tree_node_serde_roundtrip_leaf ... ok
test index::ivf_flat::build::tests::test_cluster_header_too_small ... ok
test index::ivf_flat::build::tests::test_centroids_header_too_small ... ok
test index::ivf_flat::build::tests::test_deserialize_bootstrap_rejects_malformed_header ... ok
test index::ivf_flat::build::tests::test_deserialize_centroids_truncated_floats ... ok
test index::ivf_flat::build::tests::test_deserialize_cluster_truncated_vector ... ok
test index::hierarchical::search::tests::advertised_missing_bitmap_fails_hierarchical_scan ... ok
test index::hierarchical::search::tests::advertised_corrupt_bitmap_fails_hierarchical_scan ... ok
test index::ivf_flat::build::tests::test_serialize_deserialize_bootstrap_sections ... ok
test index::ivf_flat::build::tests::test_serialize_deserialize_attrs ... ok
test index::ivf_flat::build::tests::test_serialize_deserialize_centroids ... ok
test index::ivf_flat::build::tests::test_serialize_deserialize_cluster ... ok
test index::ivf_flat::build::tests::density_grouping_respects_cap_and_leaves_sparse_tail ... ok
test index::ivf_flat::build::tests::partition_vectors_preserves_pinned_small_assignments ... ok
test index::ivf_flat::kmeans::tests::mini_batch_budget_scales_with_centroid_count ... ok
test index::ivf_flat::build::tests::partition_vectors_stores_each_row_exactly_once ... ok
test index::ivf_flat::kmeans::tests::test_lloyds_directly ... ok
test index::ivf_flat::kmeans::tests::test_squared_l2 ... ok
test index::ivf_flat::build::tests::test_cluster_data_object_v4_exposes_sq_and_full_ranges ... ok
test index::ivf_flat::build::tests::zbp5_parser_rejects_corrupt_bounds ... ok
test index::ivf_flat::build::tests::zbp5_round_trip_two_clusters_mixed_id_lengths ... ok
test index::ivf_flat::kmeans::tests::test_train_empty ... ok
test index::ivf_flat::kmeans::tests::test_train_k_gt_n ... ok
test index::ivf_flat::kmeans::tests::test_train_converges ... ok
test index::ivf_flat::kmeans::tests::test_train_kmeans_is_deterministic ... ok
test index::ivf_flat::kmeans::tests::test_train_single_point ... ok
test index::ivf_flat::membership::tests::membership_rejects_malformed_inputs_without_panicking ... ok
test index::ivf_flat::membership::tests::membership_roundtrip_sorts_entries_by_id ... ok
test index::ivf_flat::search::tests::coalesce_rerank_ranges_does_not_merge_gap_equal_to_threshold ... ok
test index::ivf_flat::search::tests::adaptive_sketch_cap_scales_monotonically ... ok
test index::ivf_flat::build::tests::test_zcl3_grouped_offsets_and_overflow_rejection ... ok
test index::ivf_flat::search::tests::coalesce_rerank_ranges_sorts_and_merges_small_gaps ... ok
test index::ivf_flat::search::tests::coalesce_rerank_ranges_rejects_empty_ranges ... ok
test index::ivf_flat::search::tests::legacy_cluster_reads_use_physical_namespace_not_logical_namespace ... ok
test index::ivf_flat::search::tests::select_scan_clusters_expands_touched_grouped_object_without_sketch ... ok
test index::ivf_flat::build::tests::test_zcl3_section_round_trip ... ok
test index::ivf_flat::search::tests::advertised_missing_bitmap_fails_flat_scan ... ok
test index::ivf_flat::search::tests::advertised_corrupt_bitmap_fails_flat_scan ... ok
test index::ivf_flat::build::tests::codes_only_parity_matches_existing_codecs ... ok
test index::ivf_flat::build::tests::test_load_from_manifest_without_bootstrap_uses_legacy_artifacts ... ok
test index::ivf_flat::sketch::tests::adaptive_cluster_selection_no_ops_when_cap_covers_probe_set ... ok
test index::ivf_flat::build::tests::test_load_from_manifest_uses_bootstrap_when_present ... ok
test index::ivf_flat::sketch::tests::adaptive_cluster_selection_respects_cap ... ok
test index::ivf_flat::sketch::tests::cluster_selection_prefers_global_top_k_mass ... ok
test index::ivf_flat::sketch::tests::adaptive_cluster_selection_uses_floor_and_score_gap ... ok
test index::ivf_flat::sketch::tests::cluster_selection_ties_mass_by_top_m_mean ... ok
test index::ivf_flat::sketch::tests::sketch_code_bytes_match_two_bit_decision ... ok
test index::ivf_flat::search::tests::test_dimension_mismatch ... ok
test index::ivf_flat::search::tests::test_top_k_zero ... ok
test index::ivf_flat::build::tests::test_load_from_manifest_reuses_decoded_bootstrap ... ok
test index::ivf_flat::sketch::tests::new_sketches_are_v4_two_bit_rabitq ... ok
test index::ivf_flat::sketch::tests::stitch_requires_rebuild_for_v3_artifact ... ok
test index::ivf_flat::sketch::tests::v2_four_bit_sketch_still_decodes ... ok
test index::ivf_flat::sketch::tests::v3_eight_bit_sketch_still_decodes_and_ranks ... ok
test index::ivf_flat::kmeans::tests::balance_repair_eliminates_synthetic_skew_deterministically ... ok
test index::hierarchical::search::tests::same_store_key_different_incarnations_do_not_alias_hierarchical_cache ... ok
test index::ivf_flat::sketch::tests::stitch_rejects_rotation_seed_change ... ok
test index::ivf_flat::sketch::tests::stitch_reports_incompatible_dim_without_reencoding ... ok
test index::ivf_flat::sketch::tests::stitch_rejects_untouched_centroid_change ... ok
test index::ivf_flat::sketch::tests::v4_binding_rejects_nonfinite_centroid ... ok
test index::ivf_flat::sketch::tests::sketch_roundtrip_and_attr_bits ... ok
test index::ivf_flat::sketch::tests::v4_decode_rejects_mismatched_manifest_reference_fields ... ok
test index::ivf_flat::sketch::tests::v4_loader_rejects_inconsistent_zero_correction_factors ... ok
test index::ivf_flat::search::tests::v4_filtered_query_preserves_every_probe_without_scoring ... ok
test index::ivf_flat::sketch::tests::stitch_copies_complete_untouched_v4_row_spans ... ok
test index::ivf_flat::sketch::tests::v4_loader_rejects_nonfinite_correction_scalar ... ok
test index::ivf_flat::sketch::tests::v4_cosine_uses_bakeoff_residual_l2_geometry ... ok
test index::ivf_flat::sketch::tests::v4_loader_rejects_truncated_row ... ok
test index::ivf_flat::sketch::tests::v4_euclidean_row_score_matches_direct_rabitq_adc ... ok
test index::quantization::pq::tests::test_pq_cluster_serde_roundtrip ... ok
test index::ivf_flat::sketch::tests::v4_loader_rejects_unknown_rotation_scheme ... ok
test index::quantization::pq::tests::test_pq_codebook_from_bytes_size_overflow ... ok
test index::ivf_flat::search::tests::v4_nprobe16_uses_adaptive_budget_and_ranking ... ok
test index::ivf_flat::sketch::tests::v4_dot_product_ranking_accounts_for_centroid ... ok
test index::quantization::pq::tests::test_pq_codebook_from_bytes_too_small ... ok
test index::quantization::pq::tests::test_pq_codebook_from_bytes_zero_sub_dim_huge_m ... ok
test index::ivf_flat::sketch::tests::v4_loader_rejects_non_two_bit_width ... ok
test index::quantization::pq::tests::test_pq_empty_dataset ... ok
test index::ivf_flat::sketch::tests::v4_build_is_byte_deterministic ... ok
test index::quantization::pq::tests::test_pq_dim_not_divisible ... ok
test index::quantization::rabitq::tests::exact_two_bit_search_selects_the_best_grid_direction ... ok
test index::quantization::rabitq::tests::allocation_free_one_bit_api_matches_owned_wrapper ... ok
test index::ivf_flat::sketch::tests::v4_query_scoring_is_deterministic ... ok
test index::quantization::rabitq::tests::four_bit_planes_match_decoded_one_bit_dot_product ... ok
test index::ivf_flat::sketch::tests::v4_target_dimension_objects_have_exact_size ... ok
test index::quantization::rabitq::tests::structured_rotation_preserves_norms_and_inner_products ... ok
test index::quantization::pq::tests::test_pq_batch_encode ... ok
test index::quantization::pq::tests::test_pq_codebook_serde_roundtrip ... ok
test index::quantization::rq::tests::cluster_codes_preserve_row_id_alignment ... ok
test index::quantization::pq::tests::test_pq_train_encode_decode ... ok
test index::quantization::rq::tests::cluster_codes_round_trip ... ok
test index::quantization::pq::tests::test_pq_adc_distance ... ok
test index::quantization::sq::tests::test_asymmetric_distance_ordering ... ok
test index::quantization::sq::tests::test_asymmetric_metrics ... ok
test index::quantization::sq::tests::test_calibration ... ok
test index::quantization::sq::tests::test_calibration_from_bytes_too_small ... ok
test index::quantization::sq::tests::test_calibration_from_bytes_truncated ... ok
test index::quantization::rq::tests::cluster_codes_zero_pad_sub_block_dimensions ... ok
test index::quantization::sq::tests::test_calibration_serde_roundtrip ... ok
test index::quantization::sq::tests::test_constant_dimension ... ok
test index::quantization::sq::tests::test_encode_batch ... ok
test index::quantization::sq::tests::test_encode_boundary_values ... ok
test index::quantization::sq::tests::test_encode_decode_roundtrip ... ok
test index::quantization::sq::tests::test_sq_cluster_from_bytes_too_small ... ok
test index::quantization::sq::tests::test_sq_cluster_serde_roundtrip ... ok
test index::quantization::rabitq::tests::structured_rotation_property_preserves_geometry ... ok
test namespace::branching::deletion::tests::callback_governance_forwards_all_hooks ... ok
test namespace::branching::deletion::tests::root_release_lifecycle_event_uses_typed_progress_not_a_boolean ... ok
test index::ivf_flat::search::tests::v4_scale_aware_sentinels_are_structural_noops ... ok
test namespace::branching::deletion::tests::visibility_marker_binds_canonical_intent_and_exact_parent_root ... ok
test namespace::branching::deletion::tests::visibility_marker_adopts_creator_floor_without_relaxing_identity_bytes ... ok
test namespace::branching::deletion::tests::visibility_marker_hash_ignores_later_mutable_intent_fields ... ok
test namespace::branching::deletion::tests::visibility_marker_rejects_unbound_branch_intents ... ok
test namespace::branching::deletion::tests::visibility_marker_is_deterministic_and_strict ... ok
test namespace::branching::lifecycle::tests::activation_pending_is_nonce_bound_without_changing_legacy_stage_encoding ... ok
test namespace::manager::tests::activation_cancellation_marker_is_never_valid_for_root_deletion ... ok
test namespace::branching::lifecycle::tests::policy_head_identity_distinguishes_boot_from_fenced_publication ... ok
test namespace::manager::tests::activation_cancellation_marker_is_never_valid_for_visible_deletion ... ok
test namespace::manager::tests::activation_cancellation_marker_is_rejected_before_nonce_revocation ... ok
test namespace::manager::tests::activation_winning_exact_nonce_is_not_hidden_by_stale_cancellation ... ok
test namespace::manager::tests::activation_cancellation_marker_requires_revoked_prepared_fork ... ok
test namespace::manager::tests::cancellation_winning_exact_nonce_fences_the_stale_activator ... ok
test namespace::manager::tests::branch_activation_evidence_is_required_only_after_visibility ... ok
test namespace::manager::tests::deletion_intent_round_trips_with_exact_identity ... ok
test namespace::manager::tests::evidence_extensions_are_relaxed_only_for_exact_legacy_binding ... ok
test namespace::manager::tests::exact_begin_retry_is_idempotent_and_different_nonce_conflicts ... ok
test namespace::manager::tests::legacy_deletion_intent_defaults_branch_activation_nonce_to_none ... ok
test namespace::manager::tests::legacy_direct_evidence_binding_requires_the_incarnation_derived_key ... ok
test namespace::manager::tests::malformed_incarnation_metadata_fails_loudly ... ok
test namespace::manager::tests::namespace_name_validator_accepts_s3_and_url_safe_names ... ok
test namespace::manager::tests::namespace_name_validator_rejects_unsafe_names_at_creation_boundary ... ok
test namespace::manager::tests::metadata_without_branch_activation_field_remains_compatible_for_legacy_roots ... ok
test namespace::manager::tests::root_release_identity_ignores_only_the_acknowledgement ... ok
test namespace::manager::tests::stale_nonce_cannot_revoke_or_commit_a_newer_attempt ... ok
test namespace::tests::branch_identity_types_preserve_domains_and_reject_zero_generation ... ok
test namespace::tests::identity_move_preserves_public_paths_and_wire_forms ... ok
test query::tests::test_bm25_circuit_breaker_allows_under_limit ... ok
test query::tests::test_bm25_circuit_breaker_disabled_when_zero ... ok
test query::tests::test_bm25_full_scan_budget_rejects_vector_count_before_io ... ok
test query::tests::test_bm25_circuit_breaker_rejects_over_limit ... ok
test query::tests::test_merge_bm25_eventual_applies_tombstones ... ok
test query::tests::test_merge_eventual_applies_tombstones ... ok
test query::tests::test_merge_strong_excludes_wal_deleted_segment_results ... ok
test query::tests::test_merge_strong_wal_overrides_segment ... ok
test query::tests::test_strong_segment_refill_after_wal_suppression ... ok
test retrieval_scope::tests::boxed_scoped_ann_counts_heap_allocated_index_handle ... ok
test retrieval_scope::tests::persisted_scope_artifacts_reject_cross_key_or_prefix_rebinding ... ok
test retrieval_scope::tests::scoped_ann_hash_inventory_cannot_omit_flat_children_or_hierarchical_nodes ... ok
test retrieval_scope::tests::scoped_ann_training_ignores_hidden_rows ... ok
test runtime_config::tests::patch_denies_unknown_fields ... ok
test runtime_config::tests::profile_patch_updates_gap_to_mapped_value ... ok
test runtime_config::tests::snapshot_semantics_preserve_old_arc_after_update ... ok
test runtime_config::tests::update_validation_rejects_out_of_bounds_defaults_and_conflicting_gap ... ok
test security::action::tests::action_inventory_has_exact_phase_ten_variants ... ok
test security::action::tests::attribute_admin_is_parseable_but_not_in_the_frozen_policy_all_set ... ok
test security::action::tests::namespace_fork_is_delegatable ... ok
test query::tests::test_wal_scan_materializes_attrs_only_for_returned_topk ... ok
test security::action::tests::phase_seven_safe_all_excludes_privileged_security_actions_without_rewriting_legacy_all ... ok
test security::audit::tests::authn_failure_uses_anonymous_sentinel_and_matched_route_only ... ok
test security::audit::tests::json_line_is_one_record_and_newline_terminated ... ok
test security::audit::tests::params_are_typed_and_reject_unknown_nested_fields ... ok
test security::audit::tests::security_policy_resource_uses_typed_redacted_audit_vocabulary ... ok
test security::audit::tests::vector_delete_includes_at_most_ten_ids ... ok
test security::audit::tests::record_round_trips_and_rejects_unknown_fields ... ok
test security::audit_chain::tests::canonical_json_orders_nested_objects_without_reordering_arrays ... ok
test security::audit_chain::tests::canonical_json_orders_object_keys ... ok
test security::audit_sink::tests::tracing_only_never_claims_durability_and_shuts_down_cleanly ... ok
test security::audit_sink::tests::tracing_only_rejects_node_ids_that_change_the_key_layout ... ok
test security::authn::tests::bearer_parser_requires_canonical_shape ... ok
test security::authn::tests::malformed_bearers_normalize_to_fixed_unknown_work ... ok
test security::constraints::tests::boolean_write_scope_preserves_unknown_until_a_branch_decides ... ok
test security::constraints::tests::missing_negative_leaf_is_not_a_write_scope_match ... ok
test security::decision::tests::attribute_admin_bypass_removes_only_forbid_set ... ok
test security::decision::tests::attribute_admin_write_requires_durable_audit ... ok
test security::decision::tests::durable_audit_obligation_inventory_is_exact_through_phase_ten ... ok
test security::decision::tests::field_mask_rejects_empty_or_blank_attribute_names ... ok
test security::decision::tests::write_constraints_validate_names_but_allow_stamp_forbid_overlap ... ok
test security::delegation::tests::issued_token_debug_is_redacted ... ok
test security::delegation::tests::monotonic_wall_is_fixed_size_under_high_cardinality_observation ... ok
test cache::tests::disk_eviction_removal_errors_do_not_spin ... ok
test security::delegation::tests::narrowing_deserialization_cannot_bypass_canonical_constructor ... ok
test security::delegation::tests::narrowing_rejects_global_actions_invalid_filters_and_oversized_scope ... ok
test security::delegation::tests::signing_key_reader_rejects_noncanonical_bytes_and_non_files ... ok
test security::kernel::tests::bootstrap_copy_allows_target_denied_or_equal_access ... ok
test security::kernel::tests::bootstrap_copy_rejects_target_only_access_and_version_mismatch ... ok
test security::license::tests::duplicate_features_and_invalid_expiry_fail_before_acceptance ... ok
test security::license::tests::signed_license_verifies_and_preserves_features_after_expiry ... ok
test index::bitmap::build::tests::test_build_high_cardinality_skip ... ok
test security::policy::tests::activation_guard_changes_only_control_identity_and_is_digest_covered ... ok
test index::topk::tests::partial_topk_matches_full_sort_oracle_with_ties ... ok
test security::policy::tests::all_applicable_grants_compile_into_one_non_widening_decision ... ok
test security::policy::tests::attribute_admin_requires_selected_grant_and_bypasses_only_forbid_set ... ok
test security::license::tests::tampered_license_and_wrong_key_fail_verification ... ok
test security::policy::tests::constrained_grant_constructor_rejects_tokens_empty_after_default_analysis ... ok
test security::policy::tests::constrained_grant_constructor_rejects_widening_empty_filter_forms ... ok
test security::policy::tests::constrained_grant_round_trips_strict_optional_schema ... ok
test security::policy::tests::checksum_valid_persisted_approval_invariants_are_revalidated ... ok
test security::policy::tests::derived_copy_accepts_extra_target_conjunct_and_field_mask ... ok
test security::policy::tests::credential_delegate_grants_reject_agent_and_internal_principals ... ok
test security::policy::tests::derived_copy_rejects_new_target_read_or_dropped_source_conjunct ... ok
test security::policy::tests::derived_copy_rejects_target_field_mask_that_drops_source_denial ... ok
test security::policy::tests::derived_copy_allows_denied_or_equally_constrained_target_reads ... ok
test security::policy::tests::legacy_policy_head_defaults_control_state_without_changing_semantic_digest ... ok
test security::policy::tests::new_all_binding_round_trips_as_safe_selected_for_add_and_remove ... ok
test security::policy::tests::grant_binding_identity_ignores_constraints_for_add_and_remove ... ok
test security::policy::tests::overlapping_applicable_grants_reject_conflicting_server_stamps ... ok
test security::policy::tests::derived_copy_rejects_target_only_control_observation_and_write_oracles ... ok
test security::policy::tests::unconstrained_grant_retains_the_phase_three_wire_shape ... ok
test security::policy_cache::tests::delayed_write_through_install_uses_cas_completion_origin ... ok
test security::policy::tests::phase_seven_migration_rewrites_legacy_all_before_compile ... ok
test security::policy::tests::phase_seven_migration_merges_overlapping_safe_grant_constraints ... ok
test security::policy_publication::tests::expired_takeover_increments_token_and_stale_release_cannot_overwrite ... ok
test security::policy_publication::tests::missing_acquisition_is_create_only_and_release_keeps_a_cas_record ... ok
test security::policy_publication::tests::persisted_fencing_tokens_are_nonzero_and_monotonic ... ok
test security::policy_store::tests::claimed_expired_lookup_selects_oldest_expiry_then_branch_id ... ok
test security::policy_store::tests::claimed_lookup_rejects_a_branch_key_bound_to_another_target_lifetime ... ok
test security::policy_cache::tests::same_version_control_head_update_replaces_cached_etag_without_semantic_change ... ok
test security::policy_store::tests::claimed_lookup_treats_an_absent_branch_as_authoritative_despite_unrelated_guards ... ok
test security::preservation::tests::namespace_filter_conservatively_blocks_uncertain_overlap ... ok
test security::preservation::tests::preservation_lock_id_is_strict ... ok
test security::preservation::tests::regressing_refresh_cannot_replace_or_refresh_newer_lock_state ... ok
test security::policy_cache::tests::regressing_authoritative_refresh_is_rejected ... ok
test security::resource::tests::security_policy_resource_is_global_and_round_trips ... ok
test security::route_map::tests::implicit_head_inherits_every_get_classification ... ok
test security::route_map::tests::readiness_public_override_is_explicit ... ok
test security::route_map::tests::security_route_inventory_is_exact_through_phase_ten ... ok
test security::route_map::tests::route_inventory_has_no_duplicate_method_path_pairs ... ok
test server::handlers::namespace::fork_response_tests::target_status_contains_no_parent_identity ... ok
test server::handlers::namespace::fork_response_tests::response_contains_only_redacted_public_fork_fields ... ok
test server::handlers::query::tests::ann_nprobe_resolves_omission_per_flat_segment ... ok
test server::handlers::query::tests::ann_nprobe_keeps_non_flat_default_semantics ... ok
test server::handlers::query::tests::cursor_hmac_is_stable_across_nodes_and_key_separated ... ok
test server::handlers::vectors::tests::foreign_segment_computed_exact_fetch_keys_use_physical_origin ... ok
test server::task_supervisor::tests::join_completes_an_accepted_task ... ok
test server::task_supervisor::tests::abort_and_join_cancels_a_paused_task_before_returning ... ok
test server::tests::phase_eight_audited_action_inventory_is_exact ... ok
test server::tests::durable_audit_obligation_alone_requires_response_settlement ... ok
test server::tests::phase_eight_must_audit_action_inventory_is_exact ... ok
test server::tests::phase_four_constraint_consumers_are_exhaustive ... ok
test server::tests::rate_limiter_eviction_removes_idle_entries ... ok
test server::tests::security_request_context_never_defaults_a_missing_request_id ... ok
test index::ivf_flat::kmeans::tests::test_mini_batch_two_clusters ... ok
test server::task_supervisor::tests::join_with_timeout_aborts_and_joins_a_stalled_task ... ok
test cache::tests::disk_eviction_worker_panic_resets_running_flag ... ok
test index::quantization::rabitq::tests::centered_unit_vectors_keep_correct_cosine_and_l2_bookkeeping ... ok
test index::topk::tests::streaming_topk_matches_full_sort_and_stays_bounded ... ok
test startup::tests::test_resolve_config_path_from_env ... ok
test startup::tests::test_resolve_config_path_none ... ok
test storage::namespace_key::tests::classifier_covers_every_production_namespace_family ... ok
test storage::namespace_key::tests::classifier_rejects_foreign_unknown_and_malformed_reserved_keys ... ok
test storage::namespace_key::tests::only_immutable_data_families_allow_deferred_delete ... ok
test storage::store::tests::a_returned_put_token_is_accepted_by_the_next_conditional_put ... ok
test storage::store::tests::both_identity_forms_travel_into_the_backend_precondition ... ok
test storage::store::tests::expired_object_signer_fails_loudly_instead_of_silently_unsigned ... ok
test storage::store::tests::live_object_signer_rejects_a_different_node_and_expired_root_can_be_replaced ... ok
test storage::store::tests::put_create_is_immutable_and_keeps_generic_storage_error ... ok
test storage::store::tests::require_turns_an_unversioned_observation_into_a_loud_error ... ok
test storage::store::tests::same_node_rebinds_signer_and_inventory_view_before_the_old_root_drops ... ok
test storage::store::tests::signer_detached_clone_resets_the_installed_inventory_view ... ok
test storage::store::tests::storage_version_is_absent_rather_than_empty ... ok
test startup::tests::expired_within_grace_warns_on_boot_and_daily_observation ... ok
test startup::tests::expired_file_boot_exports_metric_and_durable_audit ... ok
test time::tests::from_source_uses_injected_time ... ok
test time::tests::system_clock_returns_current_time ... ok
test types::tests::test_consistency_level_default ... ok
test types::tests::test_attribute_value_serde_roundtrip ... ok
test types::tests::test_distance_metric_display ... ok
test types::tests::test_distance_metric_serde_roundtrip ... ok
test types::tests::test_filter_contains_serde ... ok
test types::tests::test_filter_not_eq_serde ... ok
test types::tests::test_filter_not_in_serde ... ok
test types::tests::test_filter_or_serde ... ok
test types::tests::test_filter_not_serde ... ok
test types::tests::test_float_list_serde ... ok
test types::tests::test_filter_serde_tagged ... ok
test types::tests::test_index_type_default ... ok
test types::tests::test_index_type_serde_roundtrip ... ok
test types::tests::test_integer_list_serde ... ok
test types::tests::test_search_result_serde ... ok
test types::tests::test_vector_entry_serde_with_attributes ... ok
test types::tests::test_vector_entry_serde_without_attributes ... ok
test wal::fragment_cache::tests::lifecycle_eviction_is_scoped_to_the_observed_namespace ... ok
test wal::fragment_cache::tests::hit_returns_the_same_allocation_and_clear_is_non_load_bearing ... ok
test wal::fragment_cache::tests::overflow_evicts_to_the_configured_approximate_byte_budget ... ok
test wal::fragment_cache::tests::shared_physical_fragment_survives_one_logical_scope_eviction ... ok
test wal::fragment_cache::tests::zero_budget_evicts_every_insert_without_losing_the_decode_observation ... ok
test wal::manifest::tests::absent_and_indexed_origins_resolve_exact_namespace_lifetimes ... ok
test wal::lease::tests::lease_safety_under_backward_jump ... ok
test wal::manifest::tests::branch_root_candidates_are_exact_idempotent_bounded_and_removable ... ok
test wal::manifest::tests::branch_root_validation_rejects_malformed_identity_and_fence_overlap ... ok
test wal::manifest::tests::branch_successor_cannot_mutate_lineage_or_expand_foreign_closure ... ok
test wal::manifest::tests::conditional_manifest_versions_reject_missing_or_empty_etags ... ok
test wal::manifest::tests::decode_rejects_duplicate_nil_and_invalid_origin_entries ... ok
test wal::manifest::tests::decode_rejects_explicit_key_outside_artifact_origin_prefix ... ok
test wal::manifest::tests::decode_rejects_out_of_bounds_artifact_origin_index ... ok
test wal::manifest::tests::execution_binding_v2_binds_query_routing_topology ... ok
test wal::manifest::tests::execution_v2_projection_binds_origin_table_namespace_and_incarnation ... ok
test wal::manifest::tests::execution_v2_projection_binds_segment_origin_index ... ok
test wal::manifest::tests::fork_view_binds_row_layouts_without_changing_the_frozen_projection ... ok
test wal::manifest::tests::generation_one_publication_is_exact_and_idempotent ... ok
test wal::manifest::tests::legacy_manifest_bindings_reject_all_origin_metadata ... ok
test wal::manifest::tests::legacy_sketch_ref_decodes_without_rotation_seed ... ok
test wal::manifest::tests::local_and_foreign_origin_manifests_round_trip_with_fail_closed_admission ... ok
test wal::manifest::tests::located_identity_rejects_exact_duplicates_but_keeps_cross_origin_ulids ... ok
test wal::manifest::tests::manifest_binding_combinations_fail_closed ... ok
test wal::manifest::tests::manifest_binding_v1_uses_an_explicit_stable_segment_projection ... ok
test wal::manifest::tests::manifest_binding_version_never_downgrades_within_one_namespace_lifetime ... ok
test wal::manifest::tests::manifest_history_body_decode_reuses_namespace_and_generation_validation ... ok
test wal::manifest::tests::manifest_history_is_written_and_addressable_by_committed_version ... ok
test wal::manifest::tests::manifest_history_observations_preserve_versions_and_project_to_refs ... ok
test wal::manifest::tests::manifest_history_observations_sort_numeric_generations_and_keep_none ... ok
test wal::manifest::tests::manifest_history_prune_applies_skew_slop_to_pitr_window ... ok
test wal::manifest::tests::manifest_history_prune_keeps_count_or_time_or_snapshot_pin ... ok
test wal::manifest::tests::manifest_history_prune_removes_oldest_versions_only ... ok
test wal::manifest::tests::manifest_history_prune_retains_exact_current_branch_root_generation ... ok
test wal::manifest::tests::manifest_publication_canonicalizes_only_explicit_origin_metadata ... ok
test wal::manifest::tests::manifest_version_increments_across_conditional_writes ... ok
test wal::manifest::tests::manifest_write_cannot_erase_resurrect_or_downgrade_branch_control ... ok
test wal::manifest::tests::named_snapshot_create_is_idempotent_but_conflicts_on_generation_change ... ok
test wal::manifest::tests::named_snapshot_create_rejects_missing_history_generation ... ok
test wal::manifest::tests::named_snapshot_decodes_msgpack_and_json ... ok
test wal::manifest::tests::named_snapshot_inventory_rejects_nested_snapshot_key ... ok
test wal::manifest::tests::named_snapshot_rejects_body_changed_since_inventory_list ... ok
test wal::manifest::tests::named_snapshot_validates_inventory_objects_and_sorts_by_name ... ok
test wal::manifest::tests::namespace_incarnation_roundtrips_and_clone_rebinds ... ok
test wal::manifest::tests::nested_fork_remaps_direct_parent_before_and_after_inherited_origins ... ok
test wal::manifest::tests::nested_inherited_only_fork_does_not_add_its_direct_parent_origin ... ok
test wal::manifest::tests::origin_canonicalization_is_deterministic_and_remaps_all_refs ... ok
test wal::manifest::tests::pending_deletes_must_be_target_local ... ok
test wal::manifest::tests::persisted_origin_table_rejects_count_beyond_u32_address_space ... ok
test wal::manifest::tests::pre_incarnation_manifest_uses_authoritative_local_origin_without_mutation ... ok
test wal::manifest::tests::routing_node_inventory_is_pruned_with_removed_and_capped_segments ... ok
test wal::manifest::tests::test_add_segment_with_limits_prunes_segments_only ... ok
test wal::manifest::tests::test_cluster_data_object_live_span_defaults_and_roundtrip ... ok
test wal::manifest::tests::test_cluster_owner_resolution ... ok
test wal::manifest::tests::test_cluster_owners_roundtrip ... ok
test wal::manifest::tests::test_decode_cluster_ref_without_size_bytes_field ... ok
test wal::manifest::tests::test_decode_manifest_without_cluster_owners_field ... ok
test wal::manifest::tests::test_decode_manifest_without_size_bytes_field ... ok
test wal::manifest::tests::test_decode_segment_ref_without_membership_field ... ok
test wal::manifest::tests::test_prune_caps_old_segments ... ok
test wal::manifest::tests::test_prune_never_drops_pending_deletes ... ok
test wal::manifest::tests::test_remove_compacted_fragments_exact_set ... ok
test wal::manifest::tests::test_remove_segment_clears_active_segment ... ok
test wal::manifest::tests::test_size_bytes_roundtrip ... ok
test wal::manifest::tests::test_vector_count_includes_segments_fragments_minus_tombstones ... ok
test wal::manifest::tests::test_vector_count_is_zero_when_tombstones_exceed_entries ... ok
test wal::manifest::tests::test_watermark_never_regresses ... ok
test wal::manifest::tests::v3_root_tampering_fails_decode_and_clone_reset_clears_control ... ok
test wal::manifest::tests::v3_roots_reuses_v2_execution_and_never_downgrades ... ok
test wal::manifest::tests::v4_binding_without_lineage_fails_closed ... ok
test wal::manifest::tests::v4_control_tampering_fails_decode_and_execution_projection_binds_origins ... ok
test wal::manifest::tests::v4_sketch_ref_roundtrip_preserves_rotation_seed ... ok
test wal::manifest::tests::zero_copy_fork_keeps_only_visible_state_and_canonical_origins ... ok
test wal::reader::tests::captured_missing_ref_fails_even_after_the_live_head_omits_it ... ok
test startup::tests::licensed_file_boot_enables_rbac_routes ... ok
test wal::reader::tests::captured_same_ids_at_distinct_origins_remain_distinct_and_ordered ... ok
test wal::writer::tests::test_remove_lock_nonexistent_is_noop ... ok
test wal::writer::tests::test_remove_lock_cleans_up ... ok
test startup::tests::test_build_app_local_storage ... ok
test startup::tests::test_build_app_with_namespace_scan ... ok
test startup::tests::test_graceful_shutdown ... ok
test storage::store::tests::transient_content_hash_cache_is_hard_bounded_and_consumable ... ok
test security::audit_chain::tests::any_single_record_mutation_deletion_or_reorder_breaks_the_anchored_chain ... ok
test security::license::tests::arbitrary_license_bytes_never_panic ... ok
test wal::manifest::tests::arbitrary_valid_origin_tables_resolve_and_canonicalize_deterministically ... ok
test index::quantization::rq::tests::two_bit_estimator_recovers_top_ten_with_four_x_margin ... ok
test index::quantization::rabitq::tests::exact_two_bit_search_improves_estimator_rmse ... ok
test index::quantization::rabitq::tests::one_bit_error_decreases_at_inverse_sqrt_dimension ... ok
test index::quantization::rabitq::tests::one_bit_estimator_is_unbiased_over_ten_thousand_pairs ... ok
test index::quantization::rabitq::tests::dense_768_oracle_preserves_norms_and_inner_products ... ok
test index::quantization::rabitq::tests::structured_and_dense_rotations_have_quality_within_noise ... ok
test index::quantization::rabitq::tests::two_bit_estimator_is_unbiased_after_structured_rotation_over_ten_thousand_pairs ... ok

test result: ok. 651 passed; 0 failed; 0 ignored; 0 measured; 0 filtered out; finished in 7.27s

     Running unittests src/bin/recall_eval.rs (target/debug/deps/recall_eval-6ed73ca6845d5d27)

running 2 tests
test tests::offline_evaluator_config_does_not_require_server_credentials ... ok
test tests::verifier_accepts_grouped_sq8_cluster_artifact ... ok

test result: ok. 2 passed; 0 failed; 0 ignored; 0 measured; 0 filtered out; finished in 0.01s

     Running unittests src/main.rs (target/debug/deps/zeppelin-988be71f4dbf0584)

running 1 test
test tests::primary_server_error_still_drains_audit_and_joins_backgrounds ... ok

test result: ok. 1 passed; 0 failed; 0 ignored; 0 measured; 0 filtered out; finished in 0.03s

     Running tests/adversarial_workload_tests.rs (target/debug/deps/adversarial_workload_tests-aab6c3514d806a52)

running 271 tests
test adversarial::branching::tests::active_branch_without_matching_root_fires_i30 ... ok
test adversarial::branching::tests::elapsed_grace_without_root_release_still_requires_source_conflict ... ok
test adversarial::branching::tests::core_model_rejects_missing_and_duplicate_branch_targets ... ok
test adversarial::branching::tests::foreign_delete_oracle_rejects_source_owned_key ... ok
test adversarial::branching::tests::fork_snapshot_stability_oracle_rejects_changed_target_view ... ok
test adversarial::branching::tests::restart_and_no_merge_oracles_fail_closed ... ok
test adversarial::branching::tests::source_delete_conflict_during_branch_grace_is_expected ... ok
test adversarial::branching::tests::source_delete_succeeds_only_after_deadline_and_root_release ... ok
test adversarial::branching::tests::divergence_oracle_rejects_target_only_write_in_source ... ok
test adversarial::branching::tests::source_delete_success_before_root_release_is_a_violation ... ok
test adversarial::branching::tests::visibility_must_precede_root_release_and_materialization_keeps_root ... ok
test adversarial::chaos::tests::fault_catalog_covers_bootstrap_and_standalone_sketch_gets ... ok
test adversarial::artifacts::tests::seed_artifacts_flush_out_of_order_completions_by_op_index ... ok
test adversarial::faults::clock::tests::jump_freeze_and_thaw_share_one_offset ... ok
test adversarial::branching::tests::operation_record_round_trips_the_live_branching_vocabulary ... ok
test adversarial::faults::http_proxy::tests::parses_request_content_length ... ok
test adversarial::chaos::tests::post_commit_error_persists_put_and_fires_once ... ok
test adversarial::artifacts::tests::s3_final_records_key_deleted_after_list ... ok
test adversarial::artifacts::tests::capture_s3_metadata_records_missing_listed_key ... ok
test adversarial::faults::store_proxy::tests::batch_delete_partial_fails_every_selected_entry ... ok
test adversarial::faults::store_proxy::tests::bit_flip_changes_one_deterministic_body_bit ... ok
test adversarial::faults::store_proxy::tests::bodyless_conditional_get_does_not_consume_body_fault ... ok
test adversarial::faults::store_proxy::tests::aborted_owner_during_body_transfer_releases_fault_for_next_get ... ok
test adversarial::faults::store_proxy::tests::bodyless_conditional_get_remains_eligible_for_pre_call_fault ... ok
test adversarial::faults::store_proxy::tests::cas_conflict_only_rejects_update_without_changing_object ... ok
test adversarial::faults::store_proxy::tests::changed_conditional_get_commits_body_fault ... ok
test adversarial::faults::store_proxy::tests::conditional_not_found_releases_fault_for_later_body ... ok
test adversarial::faults::store_proxy::tests::copy_source_vanish_fails_copy_and_restores_source ... ok
test adversarial::faults::store_proxy::tests::conditional_not_modified_does_not_advance_post_get_crash_ordinal ... ok
test adversarial::faults::store_proxy::tests::failing_body_stream_releases_fault_for_next_body_get ... ok
test adversarial::faults::store_proxy::tests::delimiter_list_omit_removes_selected_common_prefix ... ok
test adversarial::faults::store_proxy::tests::head_get_diverge_keeps_head_success_and_fails_get_once ... ok
test adversarial::faults::store_proxy::tests::hold_call_parks_list_streams_until_the_logical_release ... ok
test adversarial::faults::store_proxy::tests::list_duplicate_emits_the_selected_entry_twice ... ok
test adversarial::faults::store_proxy::tests::list_omit_drops_the_selected_entry_from_successful_stream ... ok
test adversarial::faults::store_proxy::tests::list_reorder_reverses_one_successful_page ... ok
test adversarial::faults::store_proxy::tests::misdirected_write_redirects_payload_and_leaves_real_key_absent ... ok
test adversarial::faults::store_proxy::tests::operational_observer_holds_wal_put_until_delete_rendezvous_release ... ok
test adversarial::faults::store_proxy::tests::hold_call_releases_only_after_the_configured_logical_ops ... ok
test adversarial::artifacts::tests::timeline_summary_does_not_count_unresolved_ambiguity_as_applied ... ok
test adversarial::artifacts::tests::timeline_report_rejects_unscheduled_non_quiet_events - should panic ... ok
test adversarial::faults::store_proxy::tests::post_commit_failure_persists_inner_write ... ok
test adversarial::faults::store_proxy::tests::queued_body_gets_inherit_fault_in_fifo_order_after_bodyless_owner_cancels ... ok
test adversarial::artifacts::tests::report_surfaces_routing_delete_contention_and_exhaustion_proofs ... ok
test adversarial::faults::store_proxy::tests::queued_get_bypasses_reserved_fault_when_scheduler_quiesces ... ok
test adversarial::artifacts::tests::run_json_records_the_supported_nine_slot_mode_and_profile_assignment ... ok
test adversarial::faults::store_proxy::tests::silent_delete_failure_returns_success_without_deleting ... ok
test adversarial::faults::store_proxy::tests::stale_read_missing_history_preserves_zero_inner_get_precondition ... ok
test adversarial::faults::store_proxy::tests::stale_manifest_cas_selftest_admits_exactly_one_conditional_update ... ok
test adversarial::faults::store_proxy::tests::torn_write_persists_only_prefix_while_returning_success ... ok
test adversarial::faults::store_proxy::tests::stale_read_serves_previous_body_once ... ok
test adversarial::faults::store_proxy::tests::truncate_body_returns_successful_short_payload_and_records_taint ... ok
test adversarial::faults::store_proxy::tests::wrong_object_missing_replacement_preserves_zero_inner_get_precondition ... ok
test adversarial::faults::store_proxy::tests::windowed_post_get_crash_preserves_exact_nth_match_semantics ... ok
test adversarial::faults::store_proxy::tests::wrong_object_serves_most_recent_other_key_body ... ok
test adversarial::faults::tests::corruption_fault_window_is_namespace_scoped_with_trailing_slop ... ok
test adversarial::faults::tests::dual_writer_fencing_selftest_pins_node_window_and_lease_hold ... ok
test adversarial::faults::store_proxy::tests::operational_observer_mutation_timeout_does_not_poison_rendezvous ... ok
test adversarial::faults::tests::explicit_research_profiles_and_legacy_schedule_names_remain_decodable ... ok
test adversarial::faults::tests::foreground_hold_exclusion_finds_overlapping_matching_event ... ok
test adversarial::faults::tests::foreground_hold_prediction_is_non_consuming_and_returns_exact_release ... ok
test adversarial::faults::tests::foreground_hold_prediction_tracks_an_armed_claim_until_exact_release ... ok
test adversarial::faults::tests::foreground_hold_preserves_armed_window_op_across_logical_ops ... ok
test adversarial::faults::tests::full_profile_draws_one_deterministic_event_from_each_family ... ok
test adversarial::faults::tests::full_profile_inherits_semantic_fault_window_attribution ... ok
test adversarial::faults::tests::content_schedule_bounds_durable_corruption_and_targets_catalog_keys ... ok
test adversarial::faults::tests::hold_window_wait_observes_existing_and_future_timeline_updates ... ok
test adversarial::faults::tests::ops_schedule_emits_a_twenty_op_node_window_and_all_events ... ok
test adversarial::faults::tests::sched_schedule_has_one_to_three_bounded_toctou_holds ... ok
test adversarial::artifacts::tests::completion_preserves_start_provenance_and_atomically_replaces_run_json ... ok
test adversarial::faults::tests::scheduled_store_fault_windows_are_bounded_and_quiesce_aware ... ok
test adversarial::faults::tests::security_profile_is_supported_and_spans_only_the_four_v1_boundaries ... ok
test adversarial::artifacts::tests::completed_run_json_records_emitted_overnight_seeds ... ok
test adversarial::faults::tests::stale_manifest_cas_selftest_exercises_the_write_contract ... ok
test adversarial::faults::tests::window_activation_math ... ok
test adversarial::generator::tests::branching_delete_schedule_is_seeded_and_uses_runner_ops ... ok
test adversarial::faults::tests::semantic_schedule_has_two_to_five_declared_events ... ok
test adversarial::generator::tests::deterministic_queue_covers_v4_sketch_adc_and_incremental_compaction ... ok
test adversarial::model::tests::acknowledged_delete_discards_stale_ambiguous_clone_for_target ... ok
test adversarial::model::tests::ambiguous_delete_defers_tombstone_until_resolution ... ok
test adversarial::model::tests::ambiguous_upsert_promotes_observed_candidate ... ok
test adversarial::model::tests::ambiguous_upsert_reverts_when_old_value_is_observed ... ok
test adversarial::model::tests::chaos_lost_write_selftest_promotes_only_its_failed_upsert ... ok
test adversarial::model::tests::consolidated_oracle_matrix_has_unique_round_tripping_keys ... ok
test adversarial::model::tests::dot_product_oracle_tolerates_simd_cancellation_roundoff ... ok
test adversarial::model::tests::dual_writer_fencing_mutation_key_round_trips ... ok
test adversarial::generator::tests::stable_branching_profile_generates_full_fork_lifecycle_without_merge ... ok
test adversarial::model::tests::fresh_create_discards_stale_ambiguous_clone_for_target ... ok
test adversarial::model::tests::generation_checkpoints_pause_only_during_second_node_window ... ok
test adversarial::model::tests::held_in_flight_ambiguity_has_stable_label_and_wire_key ... ok
test adversarial::model::tests::indeterminate_resolution_tolerates_attribute_transport_roundoff ... ok
test adversarial::model::tests::joined_rejection_clears_held_upsert_without_changing_state ... ok
test adversarial::model::tests::model_distance_matches_production_query_scores ... ignored
test adversarial::model::tests::later_definite_upsert_implicitly_resolves_ambiguity ... ok
test adversarial::ops::branching_operation_tests::branching_operations_expose_replay_metadata ... ok
test adversarial::ops::branching_operation_tests::branching_operations_have_stable_kinds ... ok
test adversarial::ops::branching_operation_tests::wrapped_branching_operation_rewrites_every_namespace_for_replay ... ok
test adversarial::ops::tests::execution_metadata_separates_scheduled_release_from_quiesced_join ... ok
test adversarial::ops::tests::op_record_rejects_target_node_outside_two_node_domain ... ok
test adversarial::ops::tests::op_record_serializes_execution_and_defaults_legacy_metadata ... ok
test adversarial::oracle::tests::i11_accepts_paginateall_big_error_envelope ... ok
test adversarial::oracle::tests::i11_accepts_batch_level_concurrency_limit_envelope ... ok
test adversarial::oracle::tests::i11_accepts_paginateall_page_error_envelope ... ok
test adversarial::oracle::tests::i12_allows_grouped_flat_results_above_top_k ... ok
test adversarial::oracle::tests::i12_rejects_group_count_above_top_k ... ok
test adversarial::oracle::tests::i20_does_not_attribute_divergence_without_tainted_storage ... ok
test adversarial::oracle::tests::i20_accepts_model_consistent_success_with_tainted_storage ... ok
test adversarial::oracle::tests::i23_aggregate_scan_finds_counts_facets_and_groups ... ok
test adversarial::oracle::tests::i20_rejects_divergent_success_when_namespace_has_tainted_storage ... ok
test adversarial::oracle::tests::i5_allows_matching_nested_errors_for_membership_queries ... ok
test adversarial::oracle::tests::i6_allows_membership_pages_that_differ_from_big_query ... ok
test adversarial::oracle::tests::i6_allows_exact_id_mismatch_when_scan_shape_changes ... ok
test adversarial::oracle::tests::i7_allows_hybrid_ann_rows_without_bm25_text ... ok
test adversarial::oracle::tests::i6_rejects_exact_pages_that_differ_from_big_query ... ok
test adversarial::oracle::tests::i7_rejects_pure_bm25_rows_without_query_words ... ok
test adversarial::runner::outcome_tests::cache_fill_accepts_only_success_or_canonical_concurrency_limit ... ok
test adversarial::runner::outcome_tests::chaos_network_gc_horizon_covers_inflight_wal_publication ... ok
test adversarial::runner::outcome_tests::clean_replay_requires_an_exact_completed_quiet_trace ... ok
test adversarial::chaos::tests::generated_fault_plans_stay_within_supported_v1_contract ... ok
test adversarial::faults::tests::schedule_is_pure_function_of_seed ... ok
test adversarial::runner::outcome_tests::corruption_tracker_clears_taint_after_artifact_is_rewritten ... ok
test adversarial::runner::outcome_tests::corruption_tracker_records_new_timeline_taint_per_namespace_once ... ok
test adversarial::faults::store_proxy::tests::operational_observer_rejects_foreground_lease_and_manifest_activity ... ok
test adversarial::runner::outcome_tests::crash_schedule_quiescence_clock_outlives_a_stranded_compaction_lease ... ok
test adversarial::faults::store_proxy::tests::operational_observer_rejects_cross_namespace_node_tags ... ok
test adversarial::faults::tests::generated_campaigns_carry_explicit_contract_classes ... ok
test adversarial::faults::tests::composite_node_starts_avoid_global_read_partitions ... ok
test adversarial::artifacts::tests::report_separates_in_run_and_quiet_period_object_store_censuses ... ok
test adversarial::artifacts::tests::lost_write_selftest_persists_site_level_harness_contract ... ok
test adversarial::runner::outcome_tests::foreground_hold_call_footprints_are_deliberate_and_bounded ... ok
test adversarial::artifacts::tests::security_artifacts_persist_program_and_authz_metadata ... ok
test adversarial::runner::outcome_tests::held_namespace_blocks_only_another_harness_mutation ... ok
test adversarial::runner::outcome_tests::i26_scans_current_server_delegated_bearers_without_cross_server_bleed ... ok
test adversarial::artifacts::tests::generated_artifacts_persist_and_report_contract_classification ... ok
test adversarial::runner::outcome_tests::i28_matches_destruction_evidence_only_through_the_current_tombstone ... ok
test adversarial::runner::outcome_tests::indeterminate_resolution_accepts_only_exact_durable_manifest_taint ... ok
test adversarial::runner::outcome_tests::inspection_server_is_explicitly_open_unsafe ... ok
test adversarial::runner::outcome_tests::injected_manifest_divergence_explains_internal_missing_expected_error ... ok
test adversarial::faults::tests::duplicate_retries_only_target_vector_mutations ... ok
test adversarial::runner::outcome_tests::mixed_mode_reserves_only_legacy_seed_zero_and_two_as_deterministic ... ok
test adversarial::runner::outcome_tests::legacy_replay_config_without_security_decodes_with_implicit_admin ... ok
test adversarial::runner::outcome_tests::object_store_delta_fails_loudly_when_a_counter_regresses - should panic ... ok
test adversarial::runner::outcome_tests::object_store_delta_reconstructs_every_metric_by_typed_class ... ok
test adversarial::runner::outcome_tests::operational_queries_fall_back_to_a_live_modeled_vector ... ok
test adversarial::runner::outcome_tests::ops_compaction_config_bounds_background_work_and_keeps_exact_count_observable ... ok
test adversarial::runner::outcome_tests::mutating_server_error_is_ambiguous_when_faults_are_active ... ok
test adversarial::faults::http_proxy::tests::unarmed_proxy_relays_an_axum_response ... ok
test adversarial::faults::http_proxy::tests::shutdown_waits_for_accepted_connections ... ok
test adversarial::faults::http_proxy::tests::shutdown_drains_accepted_connections_while_request_handle_is_live ... ok
test adversarial::runner::outcome_tests::ops_lineage_observation_runs_before_during_and_after_the_real_window ... ok
test adversarial::runner::outcome_tests::dual_writer_lease_activation_fires_and_releases_pinned_hold ... ok
test adversarial::runner::outcome_tests::dual_writer_fencing_mutation_isolated_from_prior_same_generation_observation ... ok
test adversarial::runner::outcome_tests::ordinary_execution_uses_the_declared_non_admin_actor ... ok
test adversarial::runner::outcome_tests::overnight_emitted_seed_is_the_artifact_and_replay_identity ... ok
test adversarial::runner::outcome_tests::overnight_seed_rotation_preserves_history_and_reaches_every_mixed_slot ... ok
test adversarial::runner::outcome_tests::overnight_seed_rotation_skips_arbitrary_configured_seeds_without_collisions ... ok
test adversarial::runner::outcome_tests::pending_hold_advances_with_reads_but_never_with_another_mutation ... ok
test adversarial::runner::outcome_tests::pending_hold_isolates_reads_that_can_stall_its_logical_release ... ok
test adversarial::runner::outcome_tests::pending_query_hold_defers_exact_error_probe_but_not_ordinary_query ... ok
test adversarial::runner::outcome_tests::periodic_lineage_keeps_strict_http_status_without_exact_taint ... ok
test adversarial::runner::outcome_tests::acknowledged_torn_manifest_put_fails_reads_until_memo_cas_repairs_it ... ok
test adversarial::runner::outcome_tests::ops_delete_rendezvous_replay_reenacts_recorded_causality ... ok
test adversarial::runner::outcome_tests::quiescence_accepts_only_clean_loud_failure_for_known_taint ... ok
test adversarial::runner::outcome_tests::ops_exhaustion_burst_completes_eight_requests_and_records_limits ... ok
test adversarial::runner::outcome_tests::periodic_s3_oracle_classifies_corrupt_manifest_without_panicking ... ok
test adversarial::runner::outcome_tests::full_test_server_accepts_an_exact_disk_cache_budget ... ok
test adversarial::runner::outcome_tests::duplicate_retry_is_idempotent ... ok
test adversarial::runner::outcome_tests::read_only_secondary_router_never_routes_mutations_to_node_one ... ok
test adversarial::runner::outcome_tests::repaired_quiet_failure_replay_accepts_only_a_longer_exact_prefix ... ok
test adversarial::runner::outcome_tests::replay_op_rewrite_updates_all_prefix_bearing_strings ... ok
test adversarial::runner::outcome_tests::quiet_s3_status_absorbs_exact_durable_manifest_failure ... ok
test adversarial::runner::outcome_tests::reproduction_environment_includes_the_active_profile ... ok
test adversarial::runner::outcome_tests::copy_source_vanish_clone_fails_loudly_and_retains_safe_target ... ok
test adversarial::runner::outcome_tests::sched_fifo_boundary_drain_preserves_every_generated_operation ... ok
test adversarial::runner::outcome_tests::sched_fifo_deferral_preserves_every_baseline_generated_operation ... ok
test adversarial::runner::outcome_tests::deterministic_seed_uses_the_canonical_quiet_period_order ... ok
test adversarial::runner::outcome_tests::second_node_activity_is_explicit_and_generation_strictness_resumes_after_stop ... ok
test adversarial::runner::outcome_tests::standalone_ops_requires_strict_compaction_proof_but_full_overlap_does_not ... ok
test adversarial::runner::outcome_tests::ops_inflight_delete_reconciles_the_modeled_namespace ... ok
test adversarial::runner::outcome_tests::ops_inflight_join_restores_strict_checkpointing_after_second_node_stop ... ok
test adversarial::runner::outcome_tests::terminal_workload_failure_does_not_add_unrecorded_quiet_verification ... ok
test adversarial::runner::outcome_tests::unmatched_http_requests_bypass_fault_proxy ... ok
test adversarial::s3_oracle::tests::clone_manifest_read_failure_returns_i9_instead_of_panicking ... ok
test adversarial::s3_oracle::tests::future_periodic_status_is_a_lineage_violation ... ok
test adversarial::s3_oracle::tests::history_relist_distinguishes_retention_from_a_dangling_listing ... ok
test adversarial::s3_oracle::tests::injected_stale_live_head_does_not_regress_or_replace_clean_baseline ... ok
test adversarial::s3_oracle::tests::known_tainted_missing_key_is_not_an_s3_reachability_violation ... ok
test adversarial::s3_oracle::tests::live_head_hash_and_generation_are_observed_atomically ... ok
test adversarial::s3_oracle::tests::live_manifest_generation_regression_is_i21 ... ok
test adversarial::runner::outcome_tests::ops_server_uses_the_requested_tiny_disk_cache_budget ... ok
test adversarial::s3_oracle::tests::manifest_read_failure_is_tolerated_only_in_active_fault_window ... ok
test adversarial::s3_oracle::tests::older_periodic_status_is_allowed_when_live_manifest_advanced ... ok
test adversarial::s3_oracle::tests::manifest_read_failure_returns_violation_instead_of_panicking ... ok
test adversarial::s3_oracle::tests::quiescent_gc_candidate_read_failure_returns_i16_instead_of_panicking ... ok
test adversarial::s3_oracle::tests::quiescent_manifest_vector_count_overcount_is_allowed_for_single_writer ... ok
test adversarial::s3_oracle::tests::quiescent_manifest_vector_count_overcount_is_i16_after_second_node ... ok
test adversarial::s3_oracle::tests::quiescent_manifest_read_failure_returns_i16_instead_of_panicking ... ok
test adversarial::s3_oracle::tests::replacing_live_referenced_history_is_a_fork ... ok
test adversarial::s3_oracle::tests::replacing_unreferenced_history_is_a_fork ... ok
test adversarial::s3_oracle::tests::same_generation_live_manifest_fork_is_i21 ... ok
test adversarial::s3_oracle::tests::quiescent_reachability_read_failure_returns_i16 ... ok
test adversarial::s3_oracle::tests::v4_sketch_publication_requires_seed_and_matches_stored_shape ... ok
test adversarial::security_program::tests::authoritative_preservation_resolution_recovers_an_ambiguous_create ... ok
test adversarial::security_program::tests::authoritative_preservation_resolution_uses_head_presence_for_release ... ok
test adversarial::security_program::tests::authoritative_resolution_classifies_each_ambiguous_security_mutation ... ok
test adversarial::security_program::tests::delegated_token_model_intersects_narrowing_with_current_parent_grants ... ok
test adversarial::security_program::tests::delegated_visibility_intersects_every_matching_parent_grant ... ok
test adversarial::security_program::tests::failed_security_resolution_preserves_pending_mutations ... ok
test adversarial::security_program::tests::grant_identity_uses_a_canonical_typed_action_set ... ok
test adversarial::security_program::tests::i22_authorizes_security_ops_from_the_acting_principals_grants ... ok
test adversarial::security_program::tests::i22_checks_ordinary_actor_carrying_operations_without_overriding_product_errors ... ok
test adversarial::security_program::tests::i22_composes_overlapping_policy_and_credential_windows ... ok
test adversarial::security_program::tests::i22_composes_same_actor_policy_transitions ... ok
test adversarial::security_program::tests::i22_export_probe_mirrors_any_surface_observation ... ok
test adversarial::security_program::tests::i22_models_clone_as_compound_unconstrained_authorization ... ok
test adversarial::security_program::tests::i22_never_mixes_actors_from_different_whole_policy_versions ... ok
test adversarial::security_program::tests::i22_rejects_an_allowed_response_for_a_forbidden_operation ... ok
test adversarial::security_program::tests::i22_staleness_accepts_the_authorized_status_family ... ok
test adversarial::security_program::tests::i23_rejects_any_id_outside_the_actor_visible_set ... ok
test adversarial::security_program::tests::i24_rejects_a_credential_after_the_refresh_barrier ... ok
test adversarial::security_program::tests::i25_models_successful_ordinary_mutations_with_the_workload_request_id ... ok
test adversarial::security_program::tests::i25_rejects_a_success_without_durable_audit_evidence ... ok
test adversarial::security_program::tests::i26_rejects_secret_material_in_security_or_audit_objects ... ok
test adversarial::security_program::tests::i27_rejects_a_quiet_period_constraint_drop ... ok
test adversarial::security_program::tests::policy_model_fails_loudly_for_an_unconfigured_actor - should panic ... ok
test adversarial::security_program::tests::policy_model_rejects_duplicate_actor_selectors - should panic ... ok
test adversarial::security_program::tests::policy_model_validates_every_configured_action_eagerly - should panic ... ok
test adversarial::security_program::tests::policy_model_versions_grants_and_closes_bounded_staleness ... ok
test adversarial::security_program::tests::preservation_release_success_audit_cannot_override_an_active_head ... ok
test adversarial::security_program::tests::security_profile_script_exercises_wall_clock_expiry_after_the_clock_fault ... ok
test adversarial::security_program::tests::staleness_window_bound_overflow_fails_loudly - should panic ... ok
test adversarial::security_program::tests::staleness_windows_use_the_configured_logical_bound ... ok
test adversarial::tests::default_mixed_assigns_only_supported_v1_fault_profiles ... ok
test adversarial::vocab::tests::vocabulary_tokens_are_stable_and_distinct ... ok
test branching_profile ... ignored
test common::counting::tests::control_plane_io_remains_key_visible_but_does_not_change_domain_totals ... ok
test common::counting::tests::counting_delete_stream_forwards_once_and_preserves_input_order ... ok
test common::counting::tests::dedicated_perf_delete_stream_forwards_one_native_batch ... ok
test common::counting::tests::scoped_control_plane_keys_remain_outside_domain_cost_totals ... ok
test common::fault_injection::tests::matching_cas_precondition_failure_can_be_enabled_and_recovered ... ok
test common::vectors::tests::test_clustered_vectors ... ok
test common::vectors::tests::test_random_vectors ... ok
test common::vectors::tests::test_with_attributes ... ok
test crash_matrix ... ignored
test adversarial::s3_oracle::tests::sketch_manifest_read_failure_returns_i17_instead_of_panicking ... ok
test adversarial::runner::outcome_tests::periodic_lineage_without_http_context_absorbs_exact_durable_manifest_taint ... ok
test adversarial::runner::outcome_tests::supported_full_cache_fill_records_scheduled_read_partition_failures ... ok
test inspect ... ignored
test oracle_selftest ... ignored
test overnight ... ignored
test replay_seed ... ignored
test adversarial::runner::outcome_tests::quiet_restore_deletes_only_a_fired_misdirected_write_artifact ... ok
test security_smoke_requires_quiet_period_compaction_per_seed ... ok
test smoke ... ignored
test smoke_coverage_contract_is_mode_aware ... ok
test adversarial::runner::outcome_tests::supported_read_only_node_has_no_background_writer_and_rejects_mutation_routing ... ok
test adversarial::runner::outcome_tests::restart_after_crash_retires_then_replaces_primary ... ok
test adversarial::runner::outcome_tests::durable_audit_evidence_accepts_verified_terminal_seal ... ok
test adversarial::runner::outcome_tests::quiet_restore_preserves_an_unproven_misdirected_suffix_object ... ok
test adversarial::runner::outcome_tests::quiet_period_restarts_finished_primary_after_terminal_hold_and_drains_reserved_ops ... ok
test adversarial::runner::outcome_tests::legacy_chaos_resolves_failed_initial_manifest_before_quiescence ... ok
test adversarial::runner::outcome_tests::replay_preserves_terminal_join_when_hold_candidate_completes_early ... ok
test adversarial::runner::outcome_tests::durable_audit_evidence_rejects_malformed_and_unknown_terminal_seals ... ok
test restartable_server_composes_replacement_after_crash_retirement ... ok
test wall_clock_jump_does_not_expire_compaction_upload_window ... ok
test adversarial::runner::outcome_tests::sched_replay_preserves_recorded_hold_and_exact_trace_structure ... ok
test full_server_abort_drops_preservation_refresh_before_replacement_composition ... ok
test full_server_crash_retirement_stops_policy_refresh_with_retained_application_store ... ok
test full_server_shutdown_stops_policy_refresh_before_harness_cleanup ... ok
test adversarial::runner::outcome_tests::ops_second_node_window_proves_both_background_workers_and_activity ... ok
test adversarial::runner::outcome_tests::content_seed_127_classifies_durable_torn_manifest_loudly ... ok

test result: ok. 263 passed; 0 failed; 8 ignored; 0 measured; 0 filtered out; finished in 8.35s

     Running tests/api_tests.rs (target/debug/deps/api_tests-c035a871553e9808)

running 27 tests
test common::counting::tests::scoped_control_plane_keys_remain_outside_domain_cost_totals ... ok
test common::vectors::tests::test_with_attributes ... ok
test common::vectors::tests::test_random_vectors ... ok
test common::counting::tests::dedicated_perf_delete_stream_forwards_one_native_batch ... ok
test common::counting::tests::counting_delete_stream_forwards_once_and_preserves_input_order ... ok
test common::vectors::tests::test_clustered_vectors ... ok
test common::counting::tests::control_plane_io_remains_key_visible_but_does_not_change_domain_totals ... ok
test common::fault_injection::tests::matching_cas_precondition_failure_can_be_enabled_and_recovered ... ok
test test_health_check ... ok
test test_create_namespace_returns_uuid_and_warning ... ok
test test_list_namespaces_disabled ... ok
test test_query_algebra_ann_source_rejects_id_and_vector_together ... ok
test test_namespace_crud ... ok
test test_query_empty_namespace ... ok
test test_query_dimension_mismatch ... ok
test test_nprobe_above_cluster_count_matches_probe_all ... ok
test test_query_algebra_single_bm25_source_matches_legacy ... ok
test test_query_basic_wal_scan ... ok
test test_query_algebra_single_ann_source_matches_legacy ... ok
test test_get_namespace_reports_manifest_stats_after_upsert ... ok
test test_get_namespace_stats_reuses_manifest_freshness_get_without_listing_or_head ... ok
test test_query_algebra_ann_source_can_use_stored_seed_id ... ok
test test_dimension_mismatch_400 ... ok
test test_snapshot_crud_pins_current_generation ... ok
test test_query_algebra_ann_seed_id_missing_or_deleted_is_404 ... ok
test test_vector_upsert ... ok
test test_query_with_filter ... ok

test result: ok. 27 passed; 0 failed; 0 ignored; 0 measured; 0 filtered out; finished in 1.60s

     Running tests/artifact_origin_tests.rs (target/debug/deps/artifact_origin_tests-57507cc4ad07b038)

running 0 tests

test result: ok. 0 passed; 0 failed; 0 ignored; 0 measured; 0 filtered out; finished in 0.00s

     Running tests/attrs_laziness_tests.rs (target/debug/deps/attrs_laziness_tests-a206a75d2e7db9ed)

running 19 tests
test common::counting::tests::scoped_control_plane_keys_remain_outside_domain_cost_totals ... ok
test common::vectors::tests::test_random_vectors ... ok
test common::vectors::tests::test_clustered_vectors ... ok
test common::vectors::tests::test_with_attributes ... ok
test common::counting::tests::dedicated_perf_delete_stream_forwards_one_native_batch ... ok
test common::counting::tests::counting_delete_stream_forwards_once_and_preserves_input_order ... ok
test common::counting::tests::control_plane_io_remains_key_visible_but_does_not_change_domain_totals ... ok
test common::fault_injection::tests::matching_cas_precondition_failure_can_be_enabled_and_recovered ... ok
test ivf_filtered_sq8_attrs_get_count_is_unchanged ... ok
test hierarchical_flat_unfiltered_attrs_are_lazy_but_enrichment_is_identical ... ok
test api_bm25_unfiltered_false_skips_attrs_gets_and_reuses_cluster_id_reads ... ok
test api_unfiltered_ann_false_skips_final_attrs_fetches ... ok
test api_filtered_ann_false_keeps_filtering_but_strips_attributes ... ok
test api_include_attributes_absent_matches_explicit_true_response_bytes ... ok
test api_bm25_filtered_false_keeps_filtering_but_strips_attributes ... ok
test api_bm25_filtered_wal_false_keeps_filtering_but_strips_attributes ... ok
test bitmap_filter_elides_only_resolved_coarse_attrs ... ok
test api_include_attributes_false_strips_wal_response_attributes ... ok
test ivf_unfiltered_attrs_are_lazy_but_enrichment_is_identical ... ok

test result: ok. 19 passed; 0 failed; 0 ignored; 0 measured; 0 filtered out; finished in 1.67s

     Running tests/batch_query_tests.rs (target/debug/deps/batch_query_tests-8b9baa4fb497bf5d)

running 12 tests
test common::counting::tests::scoped_control_plane_keys_remain_outside_domain_cost_totals ... ok
test common::vectors::tests::test_with_attributes ... ok
test common::counting::tests::dedicated_perf_delete_stream_forwards_one_native_batch ... ok
test common::counting::tests::counting_delete_stream_forwards_once_and_preserves_input_order ... ok
test common::vectors::tests::test_random_vectors ... ok
test common::vectors::tests::test_clustered_vectors ... ok
test common::counting::tests::control_plane_io_remains_key_visible_but_does_not_change_domain_totals ... ok
test common::fault_injection::tests::matching_cas_precondition_failure_can_be_enabled_and_recovered ... ok
test batch_query_size_cap_returns_413 ... ok
test batch_query_rate_limit_counts_entries ... ok
test batch_query_reuses_segment_setup_gets ... ok
test batch_query_returns_positional_successes_and_errors ... ok

test result: ok. 12 passed; 0 failed; 0 ignored; 0 measured; 0 filtered out; finished in 0.47s

     Running tests/bitmap_tests.rs (target/debug/deps/bitmap_tests-3a78b466c5e21d5c)

running 16 tests
test common::counting::tests::scoped_control_plane_keys_remain_outside_domain_cost_totals ... ok
test common::vectors::tests::test_random_vectors ... ok
test common::vectors::tests::test_clustered_vectors ... ok
test common::vectors::tests::test_with_attributes ... ok
test common::counting::tests::counting_delete_stream_forwards_once_and_preserves_input_order ... ok
test common::counting::tests::dedicated_perf_delete_stream_forwards_one_native_batch ... ok
test common::counting::tests::control_plane_io_remains_key_visible_but_does_not_change_domain_totals ... ok
test common::fault_injection::tests::matching_cas_precondition_failure_can_be_enabled_and_recovered ... ok
test test_bitmap_backward_compat ... ok
test test_bitmap_hierarchical_eq_filter ... ok
test test_bitmap_range_filter ... ok
test test_bitmap_list_contains ... ok
test bitmap_prefilter_engages_and_is_only_elided_by_cache ... ok
test test_bitmap_compound_filter ... ok
test test_bitmap_low_selectivity ... ok
test test_bitmap_ivf_flat_eq_filter ... ok

test result: ok. 16 passed; 0 failed; 0 ignored; 0 measured; 0 filtered out; finished in 0.93s

     Running tests/branch_deletion_tests.rs (target/debug/deps/branch_deletion_tests-afe29314a2b967d8)

running 0 tests

test result: ok. 0 passed; 0 failed; 0 ignored; 0 measured; 0 filtered out; finished in 0.00s

     Running tests/branch_fork_tests.rs (target/debug/deps/branch_fork_tests-b2d41f62d8451f78)

running 0 tests

test result: ok. 0 passed; 0 failed; 0 ignored; 0 measured; 0 filtered out; finished in 0.00s

     Running tests/branch_maintenance_memo_tests.rs (target/debug/deps/branch_maintenance_memo_tests-80381e00beeea412)

running 0 tests

test result: ok. 0 passed; 0 failed; 0 ignored; 0 measured; 0 filtered out; finished in 0.00s

     Running tests/branch_root_tests.rs (target/debug/deps/branch_root_tests-3940c05dcd5c79b2)

running 0 tests

test result: ok. 0 passed; 0 failed; 0 ignored; 0 measured; 0 filtered out; finished in 0.00s

     Running tests/branching_tests.rs (target/debug/deps/branching_tests-c5503dea7427e9e4)

running 16 tests
test common::counting::tests::scoped_control_plane_keys_remain_outside_domain_cost_totals ... ok
test common::vectors::tests::test_random_vectors ... ok
test common::vectors::tests::test_clustered_vectors ... ok
test common::vectors::tests::test_with_attributes ... ok
test common::counting::tests::counting_delete_stream_forwards_once_and_preserves_input_order ... ok
test common::counting::tests::dedicated_perf_delete_stream_forwards_one_native_batch ... ok
test common::counting::tests::control_plane_io_remains_key_visible_but_does_not_change_domain_totals ... ok
test common::fault_injection::tests::matching_cas_precondition_failure_can_be_enabled_and_recovered ... ok
test readiness_probes_never_scan_the_namespace_graph ... ok
test copy_clone_materializes_an_uncompacted_foreign_branch_view ... ok
test public_status_reports_branch_materialization_after_first_compaction ... ok
test policy_change_during_foreign_branch_clone_leaves_target_empty ... ok
test manual_compact_materializes_a_fresh_foreign_segment_branch_without_local_wal ... ok
test acknowledged_target_write_wins_over_foreign_branch_clone_publication ... ok
test acknowledged_target_write_before_clone_base_capture_is_not_adopted ... ok
test owned_clone_survives_materialization_and_deletion_of_its_branch_ancestry ... ok

test result: ok. 16 passed; 0 failed; 0 ignored; 0 measured; 0 filtered out; finished in 1.43s

     Running tests/bulk_ingest_format_tests.rs (target/debug/deps/bulk_ingest_format_tests-5d9307b9784463aa)

running 13 tests
test common::counting::tests::scoped_control_plane_keys_remain_outside_domain_cost_totals ... ok
test common::vectors::tests::test_with_attributes ... ok
test common::counting::tests::counting_delete_stream_forwards_once_and_preserves_input_order ... ok
test common::counting::tests::dedicated_perf_delete_stream_forwards_one_native_batch ... ok
test common::vectors::tests::test_clustered_vectors ... ok
test common::vectors::tests::test_random_vectors ... ok
test common::counting::tests::control_plane_io_remains_key_visible_but_does_not_change_domain_totals ... ok
test common::fault_injection::tests::matching_cas_precondition_failure_can_be_enabled_and_recovered ... ok
test test_columnar_msgpack_is_at_least_5x_smaller_than_json_for_1536d_batch ... ok
test test_msgpack_errors_match_json_for_non_finite_values ... ok
test test_msgpack_columnar_upsert_is_queryable ... ok
test test_msgpack_row_upsert_same_logical_schema_is_queryable ... ok
test test_msgpack_errors_match_json_for_wrong_dimensions ... ok

test result: ok. 13 passed; 0 failed; 0 ignored; 0 measured; 0 filtered out; finished in 0.37s

     Running tests/cache_tests.rs (target/debug/deps/cache_tests-c52ad8d44c2989fe)

running 31 tests
test common::counting::tests::scoped_control_plane_keys_remain_outside_domain_cost_totals ... ok
test common::vectors::tests::test_random_vectors ... ok
test common::vectors::tests::test_clustered_vectors ... ok
test common::vectors::tests::test_with_attributes ... ok
test test_cache_miss_returns_none ... ok
test test_cache_get_or_fetch_error_propagates ... ok
test common::counting::tests::dedicated_perf_delete_stream_forwards_one_native_batch ... ok
test common::counting::tests::counting_delete_stream_forwards_once_and_preserves_input_order ... ok
test test_cache_get_or_fetch_returns_fetched_bytes_when_cache_write_fails ... ok
test common::counting::tests::control_plane_io_remains_key_visible_but_does_not_change_domain_totals ... ok
test test_cache_persists_across_instances ... ok
test test_cache_pin_scoped_shares_physical_key_until_last_scope_releases ... ok
test common::fault_injection::tests::matching_cas_precondition_failure_can_be_enabled_and_recovered ... ok
test test_cache_pin_scoped_rotation_preserves_other_physical_owner ... ok
test test_cache_invalidate ... ok
test test_cache_get_or_fetch ... ok
test test_memory_cache_pin_survives_capacity_pressure ... ok
test test_cache_invalidate_prefix ... ok
test test_cache_get_or_fetch_retry_after_failed_fetch_is_not_poisoned ... ok
test test_cache_pin_scoped_rotates_on_new_key ... ok
test test_cache_put_and_get ... ok
test test_cache_size_tracking ... ok
test test_cache_concurrent_access ... ok
test test_cache_concurrent_get_or_fetch ... ok
test test_cache_eviction_lru ... ok
test test_cache_put_does_not_evict_inline_on_capacity_overflow ... ok
test test_cache_pin_survives_eviction ... ok
test test_cache_get_or_fetch_singleflight_coalesces_concurrent_misses ... ok
test test_memory_cache_hot_set_survives_cold_insert_flood_statistically ... ok
test test_cache_pin_scoped_survives_capacity_pressure ... ok
test test_concurrent_cold_index_searches_share_one_cluster_get ... ok

test result: ok. 31 passed; 0 failed; 0 ignored; 0 measured; 0 filtered out; finished in 0.42s

     Running tests/coalescing_gap_tests.rs (target/debug/deps/coalescing_gap_tests-87de730ab400aded)

running 10 tests
test measure_filtered_gap_curve ... ignored, phase 4 slice 6.1 one-shot filtered gap-curve measurement
test common::counting::tests::scoped_control_plane_keys_remain_outside_domain_cost_totals ... ok
test common::vectors::tests::test_random_vectors ... ok
test common::vectors::tests::test_clustered_vectors ... ok
test common::vectors::tests::test_with_attributes ... ok
test common::counting::tests::counting_delete_stream_forwards_once_and_preserves_input_order ... ok
test common::counting::tests::dedicated_perf_delete_stream_forwards_one_native_batch ... ok
test common::counting::tests::control_plane_io_remains_key_visible_but_does_not_change_domain_totals ... ok
test common::fault_injection::tests::matching_cas_precondition_failure_can_be_enabled_and_recovered ... ok
test result_identity_across_gaps ... ok

test result: ok. 9 passed; 0 failed; 1 ignored; 0 measured; 0 filtered out; finished in 40.28s

     Running tests/compaction_lifecycle_tests.rs (target/debug/deps/compaction_lifecycle_tests-9499ed8249d4eb35)

running 11 tests
test common::counting::tests::scoped_control_plane_keys_remain_outside_domain_cost_totals ... ok
test common::vectors::tests::test_with_attributes ... ok
test common::counting::tests::dedicated_perf_delete_stream_forwards_one_native_batch ... ok
test common::counting::tests::counting_delete_stream_forwards_once_and_preserves_input_order ... ok
test common::vectors::tests::test_random_vectors ... ok
test common::vectors::tests::test_clustered_vectors ... ok
test common::counting::tests::control_plane_io_remains_key_visible_but_does_not_change_domain_totals ... ok
test common::fault_injection::tests::matching_cas_precondition_failure_can_be_enabled_and_recovered ... ok
test crash_retirement_finishes_authority_barriers_after_http_task_cancellation ... ok
test crash_retirement_joins_manual_compaction_heartbeat_before_replacement ... ok
test crash_retirement_joins_periodic_compaction_heartbeat_before_replacement ... ok

test result: ok. 11 passed; 0 failed; 0 ignored; 0 measured; 0 filtered out; finished in 3.62s

     Running tests/compaction_staging_gc_tests.rs (target/debug/deps/compaction_staging_gc_tests-c151dbf6402cda71)

running 12 tests
test common::counting::tests::scoped_control_plane_keys_remain_outside_domain_cost_totals ... ok
test common::vectors::tests::test_with_attributes ... ok
test common::counting::tests::dedicated_perf_delete_stream_forwards_one_native_batch ... ok
test common::counting::tests::counting_delete_stream_forwards_once_and_preserves_input_order ... ok
test common::vectors::tests::test_random_vectors ... ok
test common::vectors::tests::test_clustered_vectors ... ok
test common::counting::tests::control_plane_io_remains_key_visible_but_does_not_change_domain_totals ... ok
test common::fault_injection::tests::matching_cas_precondition_failure_can_be_enabled_and_recovered ... ok
test test_active_staged_keys_excludes_expired_lease_staging ... ok
test test_compaction_aborts_before_cas_when_upload_window_exceeds_horizon ... ok
test test_gc_does_not_delete_active_staged_compaction_uploads ... ok
test test_stolen_lease_staging_drops_and_orphans_obey_horizon ... ok

test result: ok. 12 passed; 0 failed; 0 ignored; 0 measured; 0 filtered out; finished in 5.25s

     Running tests/compaction_tests.rs (target/debug/deps/compaction_tests-899349dd2eac3a6a)

running 42 tests
test common::counting::tests::scoped_control_plane_keys_remain_outside_domain_cost_totals ... ok
test common::vectors::tests::test_random_vectors ... ok
test common::vectors::tests::test_with_attributes ... ok
test common::vectors::tests::test_clustered_vectors ... ok
test common::counting::tests::counting_delete_stream_forwards_once_and_preserves_input_order ... ok
test common::counting::tests::dedicated_perf_delete_stream_forwards_one_native_batch ... ok
test common::counting::tests::control_plane_io_remains_key_visible_but_does_not_change_domain_totals ... ok
test common::fault_injection::tests::matching_cas_precondition_failure_can_be_enabled_and_recovered ... ok
test test_compact_single_fragment ... ok
test test_compact_rejects_missing_manifest_for_active_namespace ... ok
test test_compact_deduplication ... ok
test test_bytes_trigger_uses_recorded_sizes ... ok
test test_compact_empty_namespace ... ok
test test_compact_trigger_by_fragment_count ... ok
test test_compact_multiple_fragments ... ok
test test_compact_preserves_new_fragments ... ok
test test_compact_attributes_preserved ... ok
test test_compact_cleans_up_fragments ... ok
test test_compact_updates_manifest ... ok
test test_compact_with_existing_segment ... ok
test test_compact_with_deletes ... ok
test test_compaction_fragment_cache_is_read_only_and_output_deterministic ... ok
test test_failed_live_manifest_put_does_not_wedge_a_divergent_compaction_retry ... ok
test test_compaction_populates_cluster_object_size_bytes ... ok
test test_compaction_skips_non_finite_prefix_data ... ok
test test_leased_compaction_rejects_missing_authoritative_metadata ... ok
test test_delete_after_compaction_not_returned_strong ... ok
test test_new_segment_never_serves_stale_centroids ... ok
test test_pinned_centroids_survive_eviction_pressure ... ok
test test_trigger_refresh_rejects_corrupt_manifest_instead_of_using_cached_snapshot ... ok
test test_query_path_stays_fail_loud_with_cache ... ok
test test_query_after_compaction ... ok
test test_repeat_query_zero_centroid_gets ... ok
test test_trigger_refresh_rejects_missing_manifest_instead_of_using_cached_snapshot ... ok
test test_age_trigger_compacts_quiet_namespace ... ok
test test_background_compaction_records_missing_active_manifest_failure ... FAILED
test test_background_compaction_accepts_missing_manifest_while_deleting ... FAILED
test test_background_discovery_resets_manifest_cache_across_remote_recreate_with_same_time ... FAILED
test test_background_compaction_discovery_is_delimited_and_prefix_scoped ... ok
test test_idle_namespace_untouched_across_intervals ... ok
test test_background_first_discovery_preserves_prewarmed_manifest_cache ... ok
test test_compaction_warms_new_segment_centroids ... ok

failures:

---- test_background_compaction_records_missing_active_manifest_failure stdout ----

thread 'test_background_compaction_records_missing_active_manifest_failure' (23195351) panicked at tests/compaction_tests.rs:1939:6:
background compaction must persist a missing-manifest failure: Elapsed(())
note: run with `RUST_BACKTRACE=1` environment variable to display a backtrace

---- test_background_compaction_accepts_missing_manifest_while_deleting stdout ----

thread 'test_background_compaction_accepts_missing_manifest_while_deleting' (23195349) panicked at tests/compaction_tests.rs:2314:6:
background lifecycle handling must finish the deletion tombstone: Elapsed(())

---- test_background_discovery_resets_manifest_cache_across_remote_recreate_with_same_time stdout ----

thread 'test_background_discovery_resets_manifest_cache_across_remote_recreate_with_same_time' (23195352) panicked at tests/compaction_tests.rs:2218:6:
fresh discovery must reset the manifest cache lifecycle floor: Elapsed(())


failures:
    test_background_compaction_accepts_missing_manifest_while_deleting
    test_background_compaction_records_missing_active_manifest_failure
    test_background_discovery_resets_manifest_cache_across_remote_recreate_with_same_time

test result: FAILED. 39 passed; 3 failed; 0 ignored; 0 measured; 0 filtered out; finished in 6.17s

error: test failed, to rerun pass `--test compaction_tests`
     Running tests/compaction_trigger_api_tests.rs (target/debug/deps/compaction_trigger_api_tests-00f13457954cc0ae)

running 11 tests
test common::counting::tests::scoped_control_plane_keys_remain_outside_domain_cost_totals ... ok
test common::vectors::tests::test_random_vectors ... ok
test common::vectors::tests::test_clustered_vectors ... ok
test common::vectors::tests::test_with_attributes ... ok
test common::counting::tests::dedicated_perf_delete_stream_forwards_one_native_batch ... ok
test common::counting::tests::counting_delete_stream_forwards_once_and_preserves_input_order ... ok
test common::counting::tests::control_plane_io_remains_key_visible_but_does_not_change_domain_totals ... ok
test common::fault_injection::tests::matching_cas_precondition_failure_can_be_enabled_and_recovered ... ok
test test_post_compact_empty_namespace_is_noop ... ok
test test_post_compact_returns_409_when_lease_is_held ... ok
test test_post_compact_reaches_quiescence_without_query_polling ... ok

test result: ok. 11 passed; 0 failed; 0 ignored; 0 measured; 0 filtered out; finished in 0.73s

     Running tests/contract_tests.rs (target/debug/deps/contract_tests-b827abbc4d3b3a0a)

running 16 tests
test common::counting::tests::scoped_control_plane_keys_remain_outside_domain_cost_totals ... ok
test common::vectors::tests::test_with_attributes ... ok
test contract_fixture_inventory_is_complete ... ok
test branching_release_contract_is_gated_and_has_no_merge_surface ... ok
test common::vectors::tests::test_random_vectors ... ok
test common::counting::tests::counting_delete_stream_forwards_once_and_preserves_input_order ... ok
test common::vectors::tests::test_clustered_vectors ... ok
test common::counting::tests::dedicated_perf_delete_stream_forwards_one_native_batch ... ok
test namespace_delete_conflict_documents_filtered_children_without_an_exact_total ... ok
test common::counting::tests::control_plane_io_remains_key_visible_but_does_not_change_domain_totals ... ok
test common::fault_injection::tests::matching_cas_precondition_failure_can_be_enabled_and_recovered ... ok
test openapi_documents_exact_routed_surface ... ok
test openapi_phase_four_constraint_contract_is_strict_and_redacted ... ok
test openapi_security_admin_contract_is_exact_and_redacted ... ok
test openapi_documents_bearer_security_for_every_protected_operation ... ok
test contract_fixtures_match_real_engine_output ... ok

test result: ok. 16 passed; 0 failed; 0 ignored; 0 measured; 0 filtered out; finished in 0.82s

     Running tests/counting_attribution_tests.rs (target/debug/deps/counting_attribution_tests-578e03db43c92c6f)

running 10 tests
test common::counting::tests::scoped_control_plane_keys_remain_outside_domain_cost_totals ... ok
test test_classify_real_key_patterns ... ok
test common::vectors::tests::test_random_vectors ... ok
test common::vectors::tests::test_clustered_vectors ... ok
test common::vectors::tests::test_with_attributes ... ok
test common::counting::tests::counting_delete_stream_forwards_once_and_preserves_input_order ... ok
test common::counting::tests::dedicated_perf_delete_stream_forwards_one_native_batch ... ok
test common::counting::tests::control_plane_io_remains_key_visible_but_does_not_change_domain_totals ... ok
test common::fault_injection::tests::matching_cas_precondition_failure_can_be_enabled_and_recovered ... ok
test test_query_class_breakdown_is_sane ... ok

test result: ok. 10 passed; 0 failed; 0 ignored; 0 measured; 0 filtered out; finished in 0.38s

     Running tests/create_by_name_tests.rs (target/debug/deps/create_by_name_tests-820fd818a072bb70)

running 13 tests
test common::counting::tests::scoped_control_plane_keys_remain_outside_domain_cost_totals ... ok
test common::vectors::tests::test_random_vectors ... ok
test common::vectors::tests::test_clustered_vectors ... ok
test common::vectors::tests::test_with_attributes ... ok
test common::counting::tests::counting_delete_stream_forwards_once_and_preserves_input_order ... ok
test common::counting::tests::dedicated_perf_delete_stream_forwards_one_native_batch ... ok
test common::counting::tests::control_plane_io_remains_key_visible_but_does_not_change_domain_totals ... ok
test common::fault_injection::tests::matching_cas_precondition_failure_can_be_enabled_and_recovered ... ok
test test_create_namespace_rejects_invalid_client_name ... ok
test test_create_namespace_without_name_still_generates_uuid_name ... ok
test recreated_namespace_recovers_after_initial_manifest_publish_failure ... ok
test test_create_namespace_by_name_is_idempotent_for_same_config ... ok
test test_create_namespace_by_name_conflicts_for_different_config ... ok

test result: ok. 13 passed; 0 failed; 0 ignored; 0 measured; 0 filtered out; finished in 0.63s

     Running tests/cursor_query_tests.rs (target/debug/deps/cursor_query_tests-5c6b05d844ead8e5)

running 19 tests
test common::counting::tests::scoped_control_plane_keys_remain_outside_domain_cost_totals ... ok
test common::vectors::tests::test_random_vectors ... ok
test common::vectors::tests::test_clustered_vectors ... ok
test common::vectors::tests::test_with_attributes ... ok
test common::counting::tests::counting_delete_stream_forwards_once_and_preserves_input_order ... ok
test common::counting::tests::dedicated_perf_delete_stream_forwards_one_native_batch ... ok
test common::counting::tests::control_plane_io_remains_key_visible_but_does_not_change_domain_totals ... ok
test common::fault_injection::tests::matching_cas_precondition_failure_can_be_enabled_and_recovered ... ok
test forged_cursor_is_rejected_before_query_execution_metrics ... ok
test cursor_after_last_result_returns_empty_page ... ok
test all_forged_cursor_batch_stops_before_namespace_storage_io ... ok
test cursor_pages_continue_without_overlap_or_gaps ... ok
test cursor_rejects_a_consistency_change_between_pages ... ok
test cursor_pages_are_bounded_by_candidate_k_frontier ... ok
test malformed_cursor_token_is_validation_error ... ok
test cursor_preserves_bm25_rerank_score_order ... ok
test cursor_ignores_non_result_response_options ... ok
test cursor_preserves_vector_rerank_distance_order ... ok
test cursor_rejects_tokens_from_different_query_shape ... ok

test result: ok. 19 passed; 0 failed; 0 ignored; 0 measured; 0 filtered out; finished in 1.11s

     Running tests/decoded_artifact_cache_tests.rs (target/debug/deps/decoded_artifact_cache_tests-3b7399eab258e6df)

running 11 tests
test common::counting::tests::scoped_control_plane_keys_remain_outside_domain_cost_totals ... ok
test common::vectors::tests::test_with_attributes ... ok
test common::counting::tests::counting_delete_stream_forwards_once_and_preserves_input_order ... ok
test common::counting::tests::dedicated_perf_delete_stream_forwards_one_native_batch ... ok
test common::vectors::tests::test_random_vectors ... ok
test common::vectors::tests::test_clustered_vectors ... ok
test common::counting::tests::control_plane_io_remains_key_visible_but_does_not_change_domain_totals ... ok
test common::fault_injection::tests::matching_cas_precondition_failure_can_be_enabled_and_recovered ... ok
test global_fts_decode_is_reused_and_cache_clear_preserves_results ... ok
test legacy_cluster_fts_decode_is_reused_without_changing_budget_checks ... ok
test segment_replacement_uses_new_key_and_capacity_evicts_old_decodes ... ok

test result: ok. 11 passed; 0 failed; 0 ignored; 0 measured; 0 filtered out; finished in 0.50s

     Running tests/e2e_perf_tests.rs (target/debug/deps/e2e_perf_tests-4606a9477f3650ea)

running 14 tests
test common::counting::tests::scoped_control_plane_keys_remain_outside_domain_cost_totals ... ok
test common::vectors::tests::test_random_vectors ... ok
test common::vectors::tests::test_clustered_vectors ... ok
test common::vectors::tests::test_with_attributes ... ok
test common::counting::tests::dedicated_perf_delete_stream_forwards_one_native_batch ... ok
test common::counting::tests::counting_delete_stream_forwards_once_and_preserves_input_order ... ok
test common::counting::tests::control_plane_io_remains_key_visible_but_does_not_change_domain_totals ... ok
test common::fault_injection::tests::matching_cas_precondition_failure_can_be_enabled_and_recovered ... ok
test test_e2e_filtered_query_after_compaction ... ok
test test_e2e_strong_vs_eventual_consistency ... ok
test test_e2e_delete_compact_verify_gone ... ok
test test_e2e_write_compact_query_lifecycle ... ok
test test_e2e_incremental_compaction ... ok
test test_e2e_background_compaction_triggers ... ok

test result: ok. 14 passed; 0 failed; 0 ignored; 0 measured; 0 filtered out; finished in 3.56s

     Running tests/error_envelope_tests.rs (target/debug/deps/error_envelope_tests-8d82ff824b5e9721)

running 17 tests
test common::counting::tests::scoped_control_plane_keys_remain_outside_domain_cost_totals ... ok
test common::vectors::tests::test_with_attributes ... ok
test common::vectors::tests::test_random_vectors ... ok
test common::counting::tests::dedicated_perf_delete_stream_forwards_one_native_batch ... ok
test common::counting::tests::counting_delete_stream_forwards_once_and_preserves_input_order ... ok
test common::vectors::tests::test_clustered_vectors ... ok
test common::counting::tests::control_plane_io_remains_key_visible_but_does_not_change_domain_totals ... ok
test common::fault_injection::tests::matching_cas_precondition_failure_can_be_enabled_and_recovered ... ok
test test_readyz_never_leaks_storage_detail ... ok
test test_envelope_unmatched_route ... ok
test test_envelope_carries_request_id ... ok
test test_envelope_body_too_large ... ok
test test_envelope_namespace_not_found ... ok
test test_envelope_validation ... ok
test test_envelope_method_not_allowed ... ok
test test_envelope_malformed_upsert_body ... ok
test test_internal_data_missing_is_500_no_key_leak ... ok

test result: ok. 17 passed; 0 failed; 0 ignored; 0 measured; 0 filtered out; finished in 0.80s

     Running tests/eventual_tombstone_tests.rs (target/debug/deps/eventual_tombstone_tests-9f8d15e2e97450a3)

running 13 tests
test common::counting::tests::scoped_control_plane_keys_remain_outside_domain_cost_totals ... ok
test common::vectors::tests::test_random_vectors ... ok
test common::vectors::tests::test_clustered_vectors ... ok
test common::vectors::tests::test_with_attributes ... ok
test common::counting::tests::dedicated_perf_delete_stream_forwards_one_native_batch ... ok
test common::counting::tests::counting_delete_stream_forwards_once_and_preserves_input_order ... ok
test common::counting::tests::control_plane_io_remains_key_visible_but_does_not_change_domain_totals ... ok
test common::fault_injection::tests::matching_cas_precondition_failure_can_be_enabled_and_recovered ... ok
test test_eventual_query_gets_only_delete_fragments_not_vector_wal_fragments ... ok
test test_eventual_query_may_return_stale_updated_segment_vector ... ok
test test_eventual_tombstone_ordering_across_fragments ... ok
test test_eventual_vector_query_filters_deleted_compacted_vector ... ok
test test_eventual_bm25_query_filters_deleted_compacted_doc ... ok

test result: ok. 13 passed; 0 failed; 0 ignored; 0 measured; 0 filtered out; finished in 0.69s

     Running tests/explain_query_tests.rs (target/debug/deps/explain_query_tests-11a42b1fb3c0291b)

running 11 tests
test common::counting::tests::scoped_control_plane_keys_remain_outside_domain_cost_totals ... ok
test common::vectors::tests::test_with_attributes ... ok
test common::counting::tests::dedicated_perf_delete_stream_forwards_one_native_batch ... ok
test common::counting::tests::counting_delete_stream_forwards_once_and_preserves_input_order ... ok
test common::vectors::tests::test_random_vectors ... ok
test common::vectors::tests::test_clustered_vectors ... ok
test common::counting::tests::control_plane_io_remains_key_visible_but_does_not_change_domain_totals ... ok
test common::fault_injection::tests::matching_cas_precondition_failure_can_be_enabled_and_recovered ... ok
test explain_false_and_none_are_omitted ... ok
test explain_true_returns_plan_without_changing_results ... ok
test explain_full_includes_source_and_rerank_provenance ... ok

test result: ok. 11 passed; 0 failed; 0 ignored; 0 measured; 0 filtered out; finished in 0.40s

     Running tests/facet_query_tests.rs (target/debug/deps/facet_query_tests-ee8c81af7e638870)

running 10 tests
test common::counting::tests::scoped_control_plane_keys_remain_outside_domain_cost_totals ... ok
test common::vectors::tests::test_random_vectors ... ok
test common::vectors::tests::test_clustered_vectors ... ok
test common::vectors::tests::test_with_attributes ... ok
test common::counting::tests::dedicated_perf_delete_stream_forwards_one_native_batch ... ok
test common::counting::tests::counting_delete_stream_forwards_once_and_preserves_input_order ... ok
test common::counting::tests::control_plane_io_remains_key_visible_but_does_not_change_domain_totals ... ok
test common::fault_injection::tests::matching_cas_precondition_failure_can_be_enabled_and_recovered ... ok
test facets_are_omitted_when_not_requested ... ok
test facets_count_filtered_candidate_frontier_not_top_k ... ok

test result: ok. 10 passed; 0 failed; 0 ignored; 0 measured; 0 filtered out; finished in 0.45s

     Running tests/filter_underfill_tests.rs (target/debug/deps/filter_underfill_tests-94db04af15b3a082)

running 13 tests
test common::counting::tests::scoped_control_plane_keys_remain_outside_domain_cost_totals ... ok
test common::vectors::tests::test_with_attributes ... ok
test common::counting::tests::counting_delete_stream_forwards_once_and_preserves_input_order ... ok
test common::counting::tests::dedicated_perf_delete_stream_forwards_one_native_batch ... ok
test common::vectors::tests::test_random_vectors ... ok
test common::vectors::tests::test_clustered_vectors ... ok
test common::counting::tests::control_plane_io_remains_key_visible_but_does_not_change_domain_totals ... ok
test common::fault_injection::tests::matching_cas_precondition_failure_can_be_enabled_and_recovered ... ok
test test_hierarchical_sq8_filtered_query_fills_top_k ... ok
test test_bitmap_filtered_query_unaffected ... ok
test test_pq_filtered_query_fills_top_k ... ok
test test_sq8_filtered_query_fills_top_k ... ok
test test_sq8_unfiltered_query_unchanged ... ok

test result: ok. 13 passed; 0 failed; 0 ignored; 0 measured; 0 filtered out; finished in 1.24s

     Running tests/fts_e2e_tests.rs (target/debug/deps/fts_e2e_tests-98521b7e09cefb8e)

running 16 tests
test common::counting::tests::scoped_control_plane_keys_remain_outside_domain_cost_totals ... ok
test common::vectors::tests::test_with_attributes ... ok
test common::counting::tests::counting_delete_stream_forwards_once_and_preserves_input_order ... ok
test common::counting::tests::dedicated_perf_delete_stream_forwards_one_native_batch ... ok
test common::vectors::tests::test_random_vectors ... ok
test common::vectors::tests::test_clustered_vectors ... ok
test common::counting::tests::control_plane_io_remains_key_visible_but_does_not_change_domain_totals ... ok
test common::fault_injection::tests::matching_cas_precondition_failure_can_be_enabled_and_recovered ... ok
test test_fts_e2e_stemming ... ok
test test_fts_e2e_prefix_search ... ok
test test_fts_e2e_eventual_vs_strong ... ok
test test_fts_e2e_multi_field_with_compaction ... ok
test test_fts_e2e_full_lifecycle ... ok
test test_fts_e2e_strong_consistency_during_compaction ... ok
test test_fts_e2e_incremental_compaction ... ok
test test_fts_e2e_delete_and_requery ... ok

test result: ok. 16 passed; 0 failed; 0 ignored; 0 measured; 0 filtered out; finished in 0.27s

     Running tests/fts_perf_tests.rs (target/debug/deps/fts_perf_tests-14e3cdecab599e4a)

running 11 tests
test common::counting::tests::scoped_control_plane_keys_remain_outside_domain_cost_totals ... ok
test common::vectors::tests::test_with_attributes ... ok
test common::counting::tests::counting_delete_stream_forwards_once_and_preserves_input_order ... ok
test common::counting::tests::dedicated_perf_delete_stream_forwards_one_native_batch ... ok
test common::vectors::tests::test_random_vectors ... ok
test common::vectors::tests::test_clustered_vectors ... ok
test common::counting::tests::control_plane_io_remains_key_visible_but_does_not_change_domain_totals ... ok
test common::fault_injection::tests::matching_cas_precondition_failure_can_be_enabled_and_recovered ... ok
test test_fts_perf_wal_vs_segment ... ok
test test_fts_perf_query_latency ... ok
test test_fts_perf_index_build_time ... ok

test result: ok. 11 passed; 0 failed; 0 ignored; 0 measured; 0 filtered out; finished in 0.64s

     Running tests/fts_stress_tests.rs (target/debug/deps/fts_stress_tests-648499f45bb09467)

running 11 tests
test common::counting::tests::scoped_control_plane_keys_remain_outside_domain_cost_totals ... ok
test common::vectors::tests::test_with_attributes ... ok
test common::counting::tests::dedicated_perf_delete_stream_forwards_one_native_batch ... ok
test common::counting::tests::counting_delete_stream_forwards_once_and_preserves_input_order ... ok
test common::vectors::tests::test_random_vectors ... ok
test common::vectors::tests::test_clustered_vectors ... ok
test common::counting::tests::control_plane_io_remains_key_visible_but_does_not_change_domain_totals ... ok
test common::fault_injection::tests::matching_cas_precondition_failure_can_be_enabled_and_recovered ... ok
test test_fts_stress_query_concurrency ... ok
test test_fts_stress_large_batch ... ok
test test_fts_stress_concurrent_writers_readers ... ok

test result: ok. 11 passed; 0 failed; 0 ignored; 0 measured; 0 filtered out; finished in 0.54s

     Running tests/fts_tests.rs (target/debug/deps/fts_tests-81bdea55c1afd2c2)

running 25 tests
test common::counting::tests::scoped_control_plane_keys_remain_outside_domain_cost_totals ... ok
test common::vectors::tests::test_with_attributes ... ok
test common::vectors::tests::test_random_vectors ... ok
test common::counting::tests::dedicated_perf_delete_stream_forwards_one_native_batch ... ok
test common::counting::tests::counting_delete_stream_forwards_once_and_preserves_input_order ... ok
test common::vectors::tests::test_clustered_vectors ... ok
test common::counting::tests::control_plane_io_remains_key_visible_but_does_not_change_domain_totals ... ok
test common::fault_injection::tests::matching_cas_precondition_failure_can_be_enabled_and_recovered ... ok
test test_fts_contains_token_sequence_filter ... ok
test test_fts_product_weighted ... ok
test test_fts_contains_all_tokens_filter ... ok
test test_fts_eventual_consistency ... ok
test test_fts_field_not_configured_error ... ok
test test_fts_strong_filtered_wal_update_suppresses_stale_segment_doc ... ok
test test_fts_empty_query ... ok
test test_fts_strong_wal_update_suppresses_stale_segment_doc_outside_topk ... ok
test test_fts_last_as_prefix ... ok
test test_bm25_missing_global_fts_over_cap_returns_index_unavailable ... ok
test test_fts_wal_scan_basic ... ok
test test_fts_segment_search_after_compaction ... ok
test test_bm25_segment_without_fts_fields_returns_index_unavailable ... ok
test test_fts_strong_consistency_wal_plus_segment ... ok
test test_fts_wal_scan_with_deletes ... ok
test test_fts_wal_filter_before_topk_avoids_underfill ... ok
test test_fts_multi_field_sum ... ok

test result: ok. 25 passed; 0 failed; 0 ignored; 0 measured; 0 filtered out; finished in 1.60s

     Running tests/gc_marksweep_tests.rs (target/debug/deps/gc_marksweep_tests-5784bfe765eb6a75)

running 12 tests
test common::counting::tests::scoped_control_plane_keys_remain_outside_domain_cost_totals ... ok
test common::vectors::tests::test_random_vectors ... ok
test common::vectors::tests::test_clustered_vectors ... ok
test common::vectors::tests::test_with_attributes ... ok
test common::counting::tests::counting_delete_stream_forwards_once_and_preserves_input_order ... ok
test common::counting::tests::dedicated_perf_delete_stream_forwards_one_native_batch ... ok
test common::counting::tests::control_plane_io_remains_key_visible_but_does_not_change_domain_totals ... ok
test common::fault_injection::tests::matching_cas_precondition_failure_can_be_enabled_and_recovered ... ok
test old_fragment_that_just_left_manifest_is_not_collected_before_horizon ... ok
test gc_reclaims_orphaned_fragment_from_failed_write_cas ... ok
test gc_reclaims_full_segment_orphan_after_compaction_manifest_bump ... ok
test gc_reclaims_orphaned_segment_objects_only_after_horizon ... ok

test result: ok. 12 passed; 0 failed; 0 ignored; 0 measured; 0 filtered out; finished in 2.75s

     Running tests/get_count_bench.rs (target/debug/deps/get_count_bench-83d9f3b3acf43412)

running 14 tests
test common::counting::tests::scoped_control_plane_keys_remain_outside_domain_cost_totals ... ok
test common::vectors::tests::test_random_vectors ... ok
test common::vectors::tests::test_clustered_vectors ... ok
test common::vectors::tests::test_with_attributes ... ok
test common::counting::tests::dedicated_perf_delete_stream_forwards_one_native_batch ... ok
test common::counting::tests::counting_delete_stream_forwards_once_and_preserves_input_order ... ok
test common::counting::tests::control_plane_io_remains_key_visible_but_does_not_change_domain_totals ... ok
test common::fault_injection::tests::matching_cas_precondition_failure_can_be_enabled_and_recovered ... ok
test cold_strong_vector_query_pins_sq8_get_profile ... ok
test grouped_sq8_coarse_scan_fetches_less_than_full_cluster_objects ... ok
test eventual_query_is_two_gets_cheaper_than_strong_with_uncompacted_upsert ... ok
test warm_query_serves_segment_artifacts_from_cache ... ok
test cluster_gets_reflect_grouped_sq_ranges_and_nprobe ... ok
test cold_strong_profiles_pin_legacy_and_colocated_sq8_layouts ... ok

test result: ok. 14 passed; 0 failed; 0 ignored; 0 measured; 0 filtered out; finished in 0.86s

     Running tests/grouping_query_tests.rs (target/debug/deps/grouping_query_tests-8d7738f44d9c0da4)

running 11 tests
test common::counting::tests::scoped_control_plane_keys_remain_outside_domain_cost_totals ... ok
test common::vectors::tests::test_with_attributes ... ok
test common::counting::tests::counting_delete_stream_forwards_once_and_preserves_input_order ... ok
test common::counting::tests::dedicated_perf_delete_stream_forwards_one_native_batch ... ok
test common::vectors::tests::test_random_vectors ... ok
test common::vectors::tests::test_clustered_vectors ... ok
test common::counting::tests::control_plane_io_remains_key_visible_but_does_not_change_domain_totals ... ok
test common::fault_injection::tests::matching_cas_precondition_failure_can_be_enabled_and_recovered ... ok
test field_grouping_keeps_missing_field_hits_as_singletons ... ok
test field_grouping_limits_members_and_top_k_groups ... ok
test grouping_and_cursor_are_rejected_together ... ok

test result: ok. 11 passed; 0 failed; 0 ignored; 0 measured; 0 filtered out; finished in 0.43s

     Running tests/hardening_tests.rs (target/debug/deps/hardening_tests-fa9d2fd9388e4bc8)

running 19 tests
test common::counting::tests::scoped_control_plane_keys_remain_outside_domain_cost_totals ... ok
test common::vectors::tests::test_random_vectors ... ok
test common::vectors::tests::test_clustered_vectors ... ok
test common::vectors::tests::test_with_attributes ... ok
test common::counting::tests::dedicated_perf_delete_stream_forwards_one_native_batch ... ok
test common::counting::tests::counting_delete_stream_forwards_once_and_preserves_input_order ... ok
test common::counting::tests::control_plane_io_remains_key_visible_but_does_not_change_domain_totals ... ok
test common::fault_injection::tests::matching_cas_precondition_failure_can_be_enabled_and_recovered ... ok
test test_metrics_endpoint ... ok
test test_healthz_still_works ... ok
test test_readyz_endpoint ... ok
test test_oversized_upsert_batch_413_without_wal_refs ... ok
test test_max_sized_upsert_batch_writes_one_bounded_wal_fragment ... ok
test test_metrics_increment_after_query ... ok
test test_request_timeout_applied ... ok
test test_empty_batch_400 ... ok
test test_top_k_too_large_400 ... ok
test test_top_k_zero_400 ... ok
test test_cache_populated_after_segment_query ... ok

test result: ok. 19 passed; 0 failed; 0 ignored; 0 measured; 0 filtered out; finished in 1.06s

     Running tests/hierarchical_tests.rs (target/debug/deps/hierarchical_tests-bd6a026a65fcea8a)

running 19 tests
test common::counting::tests::scoped_control_plane_keys_remain_outside_domain_cost_totals ... ok
test common::vectors::tests::test_random_vectors ... ok
test common::vectors::tests::test_clustered_vectors ... ok
test common::vectors::tests::test_with_attributes ... ok
test common::counting::tests::counting_delete_stream_forwards_once_and_preserves_input_order ... ok
test common::counting::tests::dedicated_perf_delete_stream_forwards_one_native_batch ... ok
test common::counting::tests::control_plane_io_remains_key_visible_but_does_not_change_domain_totals ... ok
test common::fault_injection::tests::matching_cas_precondition_failure_can_be_enabled_and_recovered ... ok
test test_build_hierarchical_single_leaf ... ok
test test_build_hierarchical_errors ... ok
test test_build_hierarchical_basic ... ok
test test_load_hierarchical_index ... ok
test test_search_hierarchical_with_filter ... ok
test test_search_hierarchical_recall ... ok
test test_search_hierarchical_sq8 ... ok
test test_compact_hierarchical ... ok
test test_repeat_query_zero_tree_meta_gets ... ok
test test_query_hierarchical_detection ... ok
test test_search_hierarchical_pq ... ok

test result: ok. 19 passed; 0 failed; 0 ignored; 0 measured; 0 filtered out; finished in 1.34s

     Running tests/historical_cursor_binding_tests.rs (target/debug/deps/historical_cursor_binding_tests-2c83614b9c0be8a8)

running 9 tests
test common::counting::tests::scoped_control_plane_keys_remain_outside_domain_cost_totals ... ok
test common::vectors::tests::test_random_vectors ... ok
test common::vectors::tests::test_clustered_vectors ... ok
test common::vectors::tests::test_with_attributes ... ok
test common::counting::tests::counting_delete_stream_forwards_once_and_preserves_input_order ... ok
test common::counting::tests::dedicated_perf_delete_stream_forwards_one_native_batch ... ok
test common::counting::tests::control_plane_io_remains_key_visible_but_does_not_change_domain_totals ... ok
test common::fault_injection::tests::matching_cas_precondition_failure_can_be_enabled_and_recovered ... ok
test historical_cursor_binds_snapshot_alias_to_its_resolved_generation ... ok

test result: ok. 9 passed; 0 failed; 0 ignored; 0 measured; 0 filtered out; finished in 0.41s

     Running tests/hybrid_query_fusion_tests.rs (target/debug/deps/hybrid_query_fusion_tests-79a7dc4c3f2fe653)

running 13 tests
test common::counting::tests::scoped_control_plane_keys_remain_outside_domain_cost_totals ... ok
test common::vectors::tests::test_with_attributes ... ok
test common::counting::tests::counting_delete_stream_forwards_once_and_preserves_input_order ... ok
test common::counting::tests::dedicated_perf_delete_stream_forwards_one_native_batch ... ok
test common::vectors::tests::test_random_vectors ... ok
test common::vectors::tests::test_clustered_vectors ... ok
test common::counting::tests::control_plane_io_remains_key_visible_but_does_not_change_domain_totals ... ok
test common::fault_injection::tests::matching_cas_precondition_failure_can_be_enabled_and_recovered ... ok
test test_hybrid_query_by_id_excludes_seed_after_fusion ... ok
test test_hybrid_rrf_fuses_ann_and_bm25_deterministically ... ok
test test_hybrid_candidate_k_bounds_each_source_before_fusion ... ok
test test_hybrid_weighted_fusion_uses_normalized_source_scores ... ok
test test_hybrid_fusion_includes_wal_and_segment_candidates ... ok

test result: ok. 13 passed; 0 failed; 0 ignored; 0 measured; 0 filtered out; finished in 0.51s

     Running tests/hydration_api_tests.rs (target/debug/deps/hydration_api_tests-c63ec90f708b8ddc)

running 13 tests
test common::counting::tests::scoped_control_plane_keys_remain_outside_domain_cost_totals ... ok
test common::vectors::tests::test_with_attributes ... ok
test common::counting::tests::counting_delete_stream_forwards_once_and_preserves_input_order ... ok
test common::counting::tests::dedicated_perf_delete_stream_forwards_one_native_batch ... ok
test common::vectors::tests::test_random_vectors ... ok
test common::vectors::tests::test_clustered_vectors ... ok
test common::counting::tests::control_plane_io_remains_key_visible_but_does_not_change_domain_totals ... ok
test common::fault_injection::tests::matching_cas_precondition_failure_can_be_enabled_and_recovered ... ok
test test_admin_hydrate_unknown_namespace_404 ... ok
test test_admin_hydrate_disabled_config_errors ... ok
test test_admin_hydrate_endpoint_hydrates_namespace ... ok
test test_admin_hydrate_job_uses_admin_trigger_label ... ok
test test_admin_hydrate_does_not_block ... ok

test result: ok. 13 passed; 0 failed; 0 ignored; 0 measured; 0 filtered out; finished in 0.96s

     Running tests/hydration_tests.rs (target/debug/deps/hydration_tests-88062f9d16817268)

running 24 tests
test common::counting::tests::scoped_control_plane_keys_remain_outside_domain_cost_totals ... ok
test common::vectors::tests::test_with_attributes ... ok
test common::counting::tests::counting_delete_stream_forwards_once_and_preserves_input_order ... ok
test common::counting::tests::dedicated_perf_delete_stream_forwards_one_native_batch ... ok
test common::vectors::tests::test_random_vectors ... ok
test common::vectors::tests::test_clustered_vectors ... ok
test common::counting::tests::control_plane_io_remains_key_visible_but_does_not_change_domain_totals ... ok
test common::fault_injection::tests::matching_cas_precondition_failure_can_be_enabled_and_recovered ... ok
test test_hydration_includes_global_fts_index ... ok
test test_no_sidecar_keys_hydrated_when_not_configured ... ok
test test_hydration_disabled_is_inert ... ok
test test_incremental_segment_refuses_hydration ... ok
test test_bm25_query_handler_triggers_hydration_when_enabled ... ok
test test_refused_namespace_queries_correct ... ok
test test_hydration_includes_bitmap_sidecars ... ok
test test_size_mismatch_aborts_hydration ... ok
test test_hydration_includes_attrs_sidecars ... ok
test test_capacity_refusal_clears_on_fit ... ok
test test_capacity_refusal_baseline ... ok
test test_refusal_logs_once_per_generation ... ok
test test_hot_namespace_hydrates_active_segment ... ok
test test_capacity_refusal_sets_gauge ... ok
test test_query_handler_triggers_hydration_when_enabled ... ok
test test_capacity_counts_sidecars ... ok

test result: ok. 24 passed; 0 failed; 0 ignored; 0 measured; 0 filtered out; finished in 1.48s

     Running tests/incremental_compaction_tests.rs (target/debug/deps/incremental_compaction_tests-b49deda1a0b54d9f)

running 30 tests
test common::counting::tests::scoped_control_plane_keys_remain_outside_domain_cost_totals ... ok
test common::vectors::tests::test_with_attributes ... ok
test common::vectors::tests::test_random_vectors ... ok
test common::vectors::tests::test_clustered_vectors ... ok
test common::counting::tests::counting_delete_stream_forwards_once_and_preserves_input_order ... ok
test common::counting::tests::dedicated_perf_delete_stream_forwards_one_native_batch ... ok
test common::counting::tests::control_plane_io_remains_key_visible_but_does_not_change_domain_totals ... ok
test common::fault_injection::tests::matching_cas_precondition_failure_can_be_enabled_and_recovered ... ok
test test_incremental_compaction_fails_when_legacy_sketch_is_missing ... ok
test test_corrupt_v4_width_does_not_scan_or_publish_replacement_segment ... ok
test test_incremental_multicycle_bounded_reads_and_carried_object_fences ... ok
test test_incremental_compaction_rebuilds_v3_sketch_as_v4 ... ok
test test_full_compaction_writes_segment_membership_artifact ... ok
test test_incremental_delete_forces_cluster_rewrite ... ok
test test_incremental_membership_absent_self_heals_then_bounds_reads ... ok
test test_incremental_compaction_writes_segment_global_membership_artifact ... ok
test test_incremental_membership_delete_reads_only_touched_object ... ok
test test_incremental_grouped_read_io_baseline_reads_all_cluster_objects ... ok
test test_incremental_carried_objects_not_deleted ... ok
test test_incremental_multigen_and_update_moves_cluster ... ok
test test_incremental_matches_full_rewrite_results ... ok
test test_incremental_nonexistent_tombstone_reads_no_cluster_objects ... ok
test test_incremental_read_io_baseline_reads_all_clusters ... ok
test test_v4_manifest_seed_mismatch_fails_query_instead_of_scanning ... ok
test test_incremental_sq8_carryover_decodes_correctly ... ok
test test_incremental_rewrites_only_touched_cluster ... ok
test test_incremental_stitched_sketch_multicycle_carries_sections_stably ... ok
test test_incremental_stitched_v4_sketch_preserves_full_carried_rows ... ok
test incremental_compaction_keeps_one_cluster_layout_per_segment ... ok
test bitmap_complete_fields_intersect_rewritten_and_carried_clusters ... ok

test result: ok. 30 passed; 0 failed; 0 ignored; 0 measured; 0 filtered out; finished in 2.38s

     Running tests/index_params_health_tests.rs (target/debug/deps/index_params_health_tests-52efe0b0ab1efdb0)

running 13 tests
test common::counting::tests::scoped_control_plane_keys_remain_outside_domain_cost_totals ... ok
test common::vectors::tests::test_random_vectors ... ok
test common::vectors::tests::test_clustered_vectors ... ok
test common::vectors::tests::test_with_attributes ... ok
test test_namespace_metadata_without_index_config_and_health_decodes ... ok
test common::counting::tests::dedicated_perf_delete_stream_forwards_one_native_batch ... ok
test common::counting::tests::counting_delete_stream_forwards_once_and_preserves_input_order ... ok
test common::counting::tests::control_plane_io_remains_key_visible_but_does_not_change_domain_totals ... ok
test common::fault_injection::tests::matching_cas_precondition_failure_can_be_enabled_and_recovered ... ok
test test_create_rejects_invalid_pq_params_before_compaction ... ok
test test_namespace_nlist_override_controls_compacted_cluster_count ... ok
test test_patch_index_config_forces_next_compaction_rewrite ... ok
test test_stale_layout_trigger_cannot_override_fresh_compaction_metadata ... ok

test result: ok. 13 passed; 0 failed; 0 ignored; 0 measured; 0 filtered out; finished in 0.66s

     Running tests/index_tests.rs (target/debug/deps/index_tests-3b76072aa22f2cf8)

running 20 tests
test common::counting::tests::scoped_control_plane_keys_remain_outside_domain_cost_totals ... ok
test test_cosine_known_values ... ok
test test_euclidean_known_values ... ok
test test_dot_product_known_values ... ok
test test_filter_in ... ok
test test_filter_eq ... ok
test test_filter_and ... ok
test test_filter_range ... ok
test common::vectors::tests::test_with_attributes ... ok
test common::counting::tests::dedicated_perf_delete_stream_forwards_one_native_batch ... ok
test common::counting::tests::counting_delete_stream_forwards_once_and_preserves_input_order ... ok
test common::vectors::tests::test_random_vectors ... ok
test common::vectors::tests::test_clustered_vectors ... ok
test common::counting::tests::control_plane_io_remains_key_visible_but_does_not_change_domain_totals ... ok
test common::fault_injection::tests::matching_cas_precondition_failure_can_be_enabled_and_recovered ... ok
test test_ivf_flat_dimension_mismatch ... ok
test test_ivf_flat_search_with_filter ... ok
test test_ivf_flat_build ... ok
test test_ivf_flat_search_recall ... ok
test test_ivf_flat_load_from_s3 ... ok

test result: ok. 20 passed; 0 failed; 0 ignored; 0 measured; 0 filtered out; finished in 0.42s

     Running tests/invariant_violation_tests.rs (target/debug/deps/invariant_violation_tests-da58cc1a305f526f)

running 13 tests
test common::counting::tests::scoped_control_plane_keys_remain_outside_domain_cost_totals ... ok
test common::vectors::tests::test_random_vectors ... ok
test common::vectors::tests::test_clustered_vectors ... ok
test common::vectors::tests::test_with_attributes ... ok
test common::counting::tests::dedicated_perf_delete_stream_forwards_one_native_batch ... ok
test common::counting::tests::counting_delete_stream_forwards_once_and_preserves_input_order ... ok
test common::counting::tests::control_plane_io_remains_key_visible_but_does_not_change_domain_totals ... ok
test common::fault_injection::tests::matching_cas_precondition_failure_can_be_enabled_and_recovered ... ok
test test_intra_fragment_overlap_rejected ... ok
test test_sequence_numbers_override_ulid_ordering ... ok
test test_compaction_safety_cas_prevents_stale_overwrite ... ok
test test_namespace_deletion_leaves_zero_keys ... ok
test test_query_read_consistency_deferred_deletion ... ok

test result: ok. 13 passed; 0 failed; 0 ignored; 0 measured; 0 filtered out; finished in 0.52s

     Running tests/ivf_recall_gate.rs (target/debug/deps/ivf_recall_gate-4eacf5900194429e)

running 1 test
test ivf_recall_gate ... ignored, requires ZEPPELIN_RECALL_GATE_DATA and the pinned 1M/2M datasets

test result: ok. 0 passed; 0 failed; 1 ignored; 0 measured; 0 filtered out; finished in 0.00s

     Running tests/malformed_request_tests.rs (target/debug/deps/malformed_request_tests-a3f9766dcff99ae4)

running 25 tests
test common::counting::tests::scoped_control_plane_keys_remain_outside_domain_cost_totals ... ok
test common::vectors::tests::test_with_attributes ... ok
test common::vectors::tests::test_random_vectors ... ok
test common::counting::tests::dedicated_perf_delete_stream_forwards_one_native_batch ... ok
test common::counting::tests::counting_delete_stream_forwards_once_and_preserves_input_order ... ok
test common::counting::tests::control_plane_io_remains_key_visible_but_does_not_change_domain_totals ... ok
test common::vectors::tests::test_clustered_vectors ... ok
test common::fault_injection::tests::matching_cas_precondition_failure_can_be_enabled_and_recovered ... ok
test test_invalid_vector_id_characters ... ok
test test_upsert_inf_rejected_nothing_durable ... ok
test test_query_rejects_rrf_fusion_with_single_source ... ok
test test_query_reserved_projection_paths_return_not_implemented ... ok
test test_query_both_vector_and_rank_by ... ok
test test_query_rejects_legacy_vector_with_algebra_sources ... ok
test test_query_rejects_unknown_top_level_field ... ok
test test_nprobe_exceeds_max ... ok
test test_upsert_neg_inf_rejected_nothing_durable ... ok
test test_top_k_zero ... ok
test test_query_inf_rejected ... ok
test test_empty_vectors_array ... ok
test test_empty_delete_ids_array ... ok
test test_query_neither_vector_nor_rank_by ... ok
test test_wrong_type_vector_values ... ok
test test_default_config_allows_nprobe_at_default_centroid_count ... ok
test test_empty_body_upsert ... ok

test result: ok. 25 passed; 0 failed; 0 ignored; 0 measured; 0 filtered out; finished in 1.47s

     Running tests/manifest_history_atomicity_tests.rs (target/debug/deps/manifest_history_atomicity_tests-391510bb22e96b2a)

running 15 tests
test common::counting::tests::scoped_control_plane_keys_remain_outside_domain_cost_totals ... ok
test common::vectors::tests::test_with_attributes ... ok
test common::counting::tests::dedicated_perf_delete_stream_forwards_one_native_batch ... ok
test common::counting::tests::counting_delete_stream_forwards_once_and_preserves_input_order ... ok
test common::vectors::tests::test_random_vectors ... ok
test common::vectors::tests::test_clustered_vectors ... ok
test common::fault_injection::tests::matching_cas_precondition_failure_can_be_enabled_and_recovered ... ok
test common::counting::tests::control_plane_io_remains_key_visible_but_does_not_change_domain_totals ... ok
test conditional_manifest_publication_has_no_success_readback ... ok
test live_manifest_rejects_bytes_bound_to_another_namespace ... ok
test write_history_failure_does_not_advance_live_manifest_and_retry_is_clean ... ok
test successful_manifest_write_keeps_candidate_namespace_bound ... ok
test failed_live_put_does_not_reserve_the_candidate_history_generation ... ok
test conditional_history_failure_does_not_advance_live_manifest_and_retry_is_clean ... ok
test competing_candidates_share_predecessor_history_and_one_wins_live_cas ... ok

test result: ok. 15 passed; 0 failed; 0 ignored; 0 measured; 0 filtered out; finished in 0.47s

     Running tests/manifest_read_integrity_tests.rs (target/debug/deps/manifest_read_integrity_tests-bdc734203a5c0259)

running 18 tests
test common::counting::tests::scoped_control_plane_keys_remain_outside_domain_cost_totals ... ok
test common::vectors::tests::test_with_attributes ... ok
test common::counting::tests::counting_delete_stream_forwards_once_and_preserves_input_order ... ok
test common::counting::tests::dedicated_perf_delete_stream_forwards_one_native_batch ... ok
test common::vectors::tests::test_random_vectors ... ok
test common::counting::tests::control_plane_io_remains_key_visible_but_does_not_change_domain_totals ... ok
test common::fault_injection::tests::matching_cas_precondition_failure_can_be_enabled_and_recovered ... ok
test common::vectors::tests::test_clustered_vectors ... ok
test active_strong_read_rejects_missing_manifest ... ok
test active_bounded_read_rejects_missing_manifest ... ok
test lifecycle_bounded_read_accepts_missing_manifest ... ok
test lifecycle_reads_accept_generation_zero_manifest ... ok
test lifecycle_strong_read_accepts_deleted_manifest_after_warm_cache ... ok
test active_namespace_missing_manifest_fails_pitr_boundary_loudly ... ok
test active_namespace_missing_manifest_fails_fetch_loudly ... ok
test active_required_reads_accept_published_legacy_generation_zero_manifest ... ok
test lifecycle_strong_read_accepts_missing_manifest ... ok
test active_namespace_stale_manifest_body_fails_fetch_loudly ... ok

test result: ok. 18 passed; 0 failed; 0 ignored; 0 measured; 0 filtered out; finished in 0.62s

     Running tests/multi_writer_lease_tests.rs (target/debug/deps/multi_writer_lease_tests-a9e7bf75d9c88bae)

running 22 tests
test common::counting::tests::scoped_control_plane_keys_remain_outside_domain_cost_totals ... ok
test common::vectors::tests::test_with_attributes ... ok
test common::vectors::tests::test_random_vectors ... ok
test common::counting::tests::counting_delete_stream_forwards_once_and_preserves_input_order ... ok
test common::counting::tests::dedicated_perf_delete_stream_forwards_one_native_batch ... ok
test common::vectors::tests::test_clustered_vectors ... ok
test common::counting::tests::control_plane_io_remains_key_visible_but_does_not_change_domain_totals ... ok
test common::fault_injection::tests::matching_cas_precondition_failure_can_be_enabled_and_recovered ... ok
test test_compactor_lease_prevents_double_compaction ... ok
test test_lease_acquire_and_release ... ok
test test_lease_double_acquire_rejected ... ok
test test_sequential_writers_with_leases ... ok
test test_fragment_orphan_on_lease_expiry ... ok
test test_lease_renew_after_lease_object_deleted_returns_expired ... ok
test test_lease_takeover_without_an_identity_fails_loudly ... ok
test test_lease_expired_takeover ... ok
test test_fencing_rejects_zombie_writer ... ok
test test_tla_toctou_fencing_gap_cas_catches_zombie ... ok
test test_lease_acquire_and_renew_issue_no_confirming_read ... ok
test test_tla_graceful_release_after_lease_expiry ... ok
test test_lease_renewed_during_long_compaction ... ok
test test_stolen_lease_aborts_compaction_before_cas ... ok

test result: ok. 22 passed; 0 failed; 0 ignored; 0 measured; 0 filtered out; finished in 6.32s

     Running tests/namespace_lifecycle_tests.rs (target/debug/deps/namespace_lifecycle_tests-58f95491369f472f)

running 16 tests
test common::counting::tests::scoped_control_plane_keys_remain_outside_domain_cost_totals ... ok
test common::vectors::tests::test_with_attributes ... ok
test pre_extension_reader_rejects_a_fenced_current_deletion_intent ... ok
test common::counting::tests::counting_delete_stream_forwards_once_and_preserves_input_order ... ok
test common::counting::tests::dedicated_perf_delete_stream_forwards_one_native_batch ... ok
test common::vectors::tests::test_random_vectors ... ok
test common::vectors::tests::test_clustered_vectors ... ok
test common::counting::tests::control_plane_io_remains_key_visible_but_does_not_change_domain_totals ... ok
test common::fault_injection::tests::matching_cas_precondition_failure_can_be_enabled_and_recovered ... ok
test test_deleting_namespace_rejects_manager_ops_with_410 ... ok
test test_create_same_name_blocked_until_deleting_tombstone_removed ... ok
test test_delete_resumes_from_deleting_tombstone_with_data_left ... ok
test test_api_deleting_namespace_status_and_ops_410 ... ok
test test_registry_ttl_is_not_extended_by_backward_frozen_wall_clock ... ok
test test_cross_node_registry_delete_converges_within_ttl ... ok
test test_api_delete_returns_202_and_eventually_leaves_zero_keys ... ok

test result: ok. 16 passed; 0 failed; 0 ignored; 0 measured; 0 filtered out; finished in 0.50s

     Running tests/namespace_tests.rs (target/debug/deps/namespace_tests-def10dc47306ba5e)

running 27 tests
test common::counting::tests::scoped_control_plane_keys_remain_outside_domain_cost_totals ... ok
test common::vectors::tests::test_with_attributes ... ok
test common::counting::tests::counting_delete_stream_forwards_once_and_preserves_input_order ... ok
test common::counting::tests::dedicated_perf_delete_stream_forwards_one_native_batch ... ok
test common::vectors::tests::test_clustered_vectors ... ok
test common::vectors::tests::test_random_vectors ... ok
test common::counting::tests::control_plane_io_remains_key_visible_but_does_not_change_domain_totals ... ok
test common::fault_injection::tests::matching_cas_precondition_failure_can_be_enabled_and_recovered ... ok
test test_get_namespace_from_registry ... ok
test test_create_namespace_invalid_name_regex ... ok
test test_index_config_update_waits_for_the_namespace_writer_lease ... ok
test test_delete_namespace ... ok
test test_get_namespace_s3_fallback ... ok
test test_get_nonexistent ... ok
test test_create_namespace ... ok
test test_create_namespace_valid_name_formats ... ok
test test_legacy_creating_namespace_resumes_after_manifest_binding_crash ... ok
test test_legacy_creating_namespace_without_manifest_mints_incarnation ... ok
test test_legacy_creating_namespace_recovers_manifest_incarnation ... ok
test test_active_legacy_metadata_without_manifest_fails_before_migration ... ok
test test_duplicate_create ... ok
test test_namespace_incarnation_survives_metadata_cas_updates ... ok
test test_stale_namespace_bootstrap_cannot_overwrite_recovered_wal ... ok
test test_legacy_namespace_incarnation_migrates_once_without_changing_body ... ok
test test_scan_and_register ... ok
test test_list_namespaces ... ok
test test_list_namespaces_ignores_nested_meta_objects ... ok

test result: ok. 27 passed; 0 failed; 0 ignored; 0 measured; 0 filtered out; finished in 4.73s

     Running tests/no_silent_partials_tests.rs (target/debug/deps/no_silent_partials_tests-7b4a533837acecbd)

running 15 tests
test common::counting::tests::scoped_control_plane_keys_remain_outside_domain_cost_totals ... ok
test common::vectors::tests::test_with_attributes ... ok
test common::counting::tests::dedicated_perf_delete_stream_forwards_one_native_batch ... ok
test common::counting::tests::counting_delete_stream_forwards_once_and_preserves_input_order ... ok
test common::vectors::tests::test_random_vectors ... ok
test common::vectors::tests::test_clustered_vectors ... ok
test common::counting::tests::control_plane_io_remains_key_visible_but_does_not_change_domain_totals ... ok
test common::fault_injection::tests::matching_cas_precondition_failure_can_be_enabled_and_recovered ... ok
test test_wal_fragment_notfound_still_referenced_is_error_not_skip ... ok
test test_consumed_wal_read_rejects_checksum_mismatch ... ok
test test_consumed_wal_read_rejects_payload_id_mismatch ... ok
test test_wal_fragment_notfound_tolerated_only_after_manifest_reread_and_metric ... ok
test test_checksum_failure_evicts_poisoned_wal_cache_entry ... ok
test test_missing_cluster_blob_fails_query ... ok
test test_missing_attrs_blob_fails_filtered_query ... ok

test result: ok. 15 passed; 0 failed; 0 ignored; 0 measured; 0 filtered out; finished in 0.59s

     Running tests/observability_tests.rs (target/debug/deps/observability_tests-e3761e9805f80aae)

running 19 tests
test common::counting::tests::scoped_control_plane_keys_remain_outside_domain_cost_totals ... ok
test common::vectors::tests::test_random_vectors ... ok
test common::vectors::tests::test_clustered_vectors ... ok
test common::vectors::tests::test_with_attributes ... ok
test common::counting::tests::dedicated_perf_delete_stream_forwards_one_native_batch ... ok
test common::counting::tests::counting_delete_stream_forwards_once_and_preserves_input_order ... ok
test common::counting::tests::control_plane_io_remains_key_visible_but_does_not_change_domain_totals ... ok
test test_all_metrics_registered ... ok
test common::fault_injection::tests::matching_cas_precondition_failure_can_be_enabled_and_recovered ... ok
test test_http_request_metrics_incremented ... ok
test test_request_id_header_returned ... ok
test test_request_id_passthrough ... ok
test test_query_debug_block_is_opt_in ... ok
test bearer_secret_is_not_recorded_in_handler_spans ... ok
test test_active_queries_returns_to_zero ... ok
test test_s3_metrics_after_operations ... ok
test test_query_request_id_header_returned_and_echoed ... ok
test test_compaction_duration_metric ... ok
test test_compaction_io_metrics_registered_and_incremented ... ok

test result: ok. 19 passed; 0 failed; 0 ignored; 0 measured; 0 filtered out; finished in 1.17s

     Running tests/perf_contract_tests.rs (target/debug/deps/perf_contract_tests-7f60ae5ca15ed068)

running 145 tests
test branching_census ... ignored, requires MinIO and explicit branching performance-contract invocation
test capture ... ignored, requires MinIO and explicit capture approval workflow
test contracts ... ignored, requires MinIO and explicit performance-contract invocation
test depth_stability ... ignored, requires MinIO and 100 isolated measurements per scenario
test ideal_analysis ... ignored, requires MinIO and an explicit exhaustive ideal-analysis budget
test latency_validate ... ignored, requires MinIO for advisory Tier 3 latency validation
test common::counting::tests::scoped_control_plane_keys_remain_outside_domain_cost_totals ... ok
test perf_contract::branching::tests::frozen_branching_catalog_covers_each_required_cost_boundary ... ok
test perf_contract::branching::tests::percentile_contract_uses_nearest_rank ... ok
test common::vectors::tests::test_with_attributes ... ok
test common::vectors::tests::test_random_vectors ... ok
test common::vectors::tests::test_clustered_vectors ... ok
test common::counting::tests::counting_delete_stream_forwards_once_and_preserves_input_order ... ok
test common::counting::tests::dedicated_perf_delete_stream_forwards_one_native_batch ... ok
test common::counting::tests::control_plane_io_remains_key_visible_but_does_not_change_domain_totals ... ok
test common::fault_injection::tests::matching_cas_precondition_failure_can_be_enabled_and_recovered ... ok
test perf_contract::dataset::tests::category_shape_is_uniform_and_deterministic ... ok
test perf_contract::contract::tests::byte_bands_require_a_reason ... ok
test perf_contract::dataset::tests::expectations_cover_every_center_and_the_first_midpoint ... ok
test perf_contract::contract::tests::inverted_byte_bands_are_rejected ... ok
test perf_contract::contract::tests::capture_bands_only_serialization_variable_bytes ... ok
test perf_contract::dataset::tests::rejects_unbalanced_blobs - should panic ... ok
test perf_contract::contract::tests::capture_refuses_variable_bytes_for_stable_classes - should panic ... ok
test perf_contract::contract::tests::capture_refuses_variable_exact_depth - should panic ... ok
test perf_contract::dataset::tests::fts_shape_uses_only_the_closed_vocabulary ... ok
test perf_contract::dataset::tests::standard_shapes_remain_pinned ... ok
test perf_contract::contract::tests::security_budget_checker_rejects_p50_overrun ... FAILED
test perf_contract::depth::tests::active_get_operations_include_payload_lifetime ... ok
test perf_contract::depth::tests::audit_control_plane_operations_do_not_change_domain_depth ... ok
test perf_contract::contract::tests::unknown_nested_keys_are_rejected ... ok
test perf_contract::dataset::tests::generation_is_byte_identical_for_the_same_spec ... ok
test perf_contract::contract::tests::max_depth_requires_a_reason ... ok
test perf_contract::depth::tests::delete_stream_error_records_failure_once ... ok
test perf_contract::depth::tests::conditional_not_modified_is_a_typed_expected_outcome ... ok
test perf_contract::depth::tests::dropping_delete_stream_records_cancelled_once ... ok
test perf_contract::contract::tests::security_budget_checker_rejects_partial_or_forged_direct_query_evidence ... ok
test perf_contract::depth::tests::dropping_get_payload_finishes_once_as_cancelled ... ok
test perf_contract::dataset::tests::vocabulary_tokens_are_stable_and_distinct ... ok
test perf_contract::depth::tests::get_request_shape_distinguishes_full_range_and_conditional_reads ... ok
test perf_contract::depth::tests::empty_delete_stream_records_other_zero_member_batch ... ok
test perf_contract::depth::tests::get_payload_error_finishes_once_as_failed ... ok
test perf_contract::depth::tests::dropping_recursive_list_records_cancelled_once ... ok
test perf_contract::contract::tests::capture_preserves_depth_policy_and_records_actual_repeats ... ok
test perf_contract::contract::tests::security_budget_checker_rejects_constraint_query_regression_over_five_percent ... ok
test perf_contract::depth::tests::missing_get_and_create_conflict_have_typed_outcomes ... ok
test perf_contract::depth::tests::delete_stream_records_one_batch_span_with_mixed_members ... ok
test perf_contract::depth::tests::non_batch_span_json_omits_empty_batch_metadata ... ok
test perf_contract::contract::tests::checked_in_governance_requires_approval_and_reason ... ok
test perf_contract::depth::tests::overlapping_intervals_do_not_chain ... ok
test perf_contract::depth::tests::put_request_shape_distinguishes_overwrite_create_and_update ... ok
test perf_contract::depth::tests::pure_parallel_batch_has_depth_one ... ok
test perf_contract::depth::tests::recursive_list_stream_error_records_failure_once ... ok
test perf_contract::depth::tests::two_parallel_stages_have_depth_two ... ok
test perf_contract::depth::tests::recursive_list_stays_active_until_stream_eof ... ok
test perf_contract::depth::tests::successful_get_finishes_only_after_payload_eof ... ok
test perf_contract::ideal::artifacts::tests::delete_batch_attribution_aggregates_mixed_members_deterministically ... ok
test perf_contract::ideal::artifacts::tests::non_batch_physical_json_omits_empty_batch_metadata ... ok
test perf_contract::ideal::artifacts::tests::physical_totals_count_invocations_but_only_successful_bytes ... ok
test perf_contract::ideal::artifacts::tests::normalized_cost_ignores_latency_and_parallel_observation_order ... ok
test perf_contract::ideal::artifacts::tests::normalization_fails_loudly_when_counters_and_spans_diverge - should panic ... ok
test perf_contract::ideal::artifacts::tests::normalization_aggregates_modes_and_has_stable_json ... ok
test perf_contract::ideal::artifacts::tests::rank_comparator_is_total_for_distinct_scenario_ids ... ok
test perf_contract::ideal::artifacts::tests::ranking_uses_every_literal_tie_break_in_order ... ok
test perf_contract::ideal::artifacts::tests::single_sample_summary_has_stable_json ... ok
test perf_contract::ideal::direct::tests::benign_lease_etag_drift_classifies_once_and_retries_once ... ignored, requires TEST_BACKEND=minio
test perf_contract::ideal::artifacts::tests::scenario_aggregation_collapses_samples_and_picks_normalized_chain ... ok
test perf_contract::ideal::catalog::tests::frozen_contracts_are_reused_exactly_once ... ok
test perf_contract::ideal::direct::tests::cold_lease_renewal_reads_once_then_returns_a_warm_memo ... ignored, requires TEST_BACKEND=minio
test perf_contract::ideal::direct::tests::consecutive_warm_lease_renewals_never_regress_to_gets ... ignored, requires TEST_BACKEND=minio
test perf_contract::ideal::direct::tests::direct_operational_case_uses_real_storage ... ignored, requires TEST_BACKEND=minio
test perf_contract::ideal::direct::tests::double_lease_conflict_is_bounded_and_fails_closed ... ignored, requires TEST_BACKEND=minio
test perf_contract::ideal::direct::tests::missing_lease_renewal_fails_closed_after_one_classification ... ignored, requires TEST_BACKEND=minio
test perf_contract::ideal::direct::tests::missing_manifest_put_etag_keeps_next_group_commit_cold ... ignored, requires TEST_BACKEND=minio
test perf_contract::ideal::direct::tests::missing_put_etag_falls_back_to_one_get_and_advances_the_memo ... ignored, requires TEST_BACKEND=minio
test perf_contract::ideal::artifacts::tests::scenario_summary_ranking_uses_worst_cost_then_id ... ok
test perf_contract::ideal::direct::tests::stale_group_commit_memo_rebuilds_after_history_conflict ... ignored, requires TEST_BACKEND=minio
test perf_contract::ideal::direct::tests::taken_over_lease_renewal_classifies_once_and_expires ... ignored, requires TEST_BACKEND=minio
test perf_contract::ideal::direct::tests::warm_group_commit_is_three_puts_without_manifest_get ... ignored, requires TEST_BACKEND=minio
test perf_contract::ideal::direct::tests::warm_lease_renewal_is_one_cas_put_without_get ... ignored, requires TEST_BACKEND=minio
test perf_contract::ideal::catalog::tests::every_operation_group_has_an_incremental_execution_slice ... ok
test perf_contract::ideal::http::tests::snapshot_helpers_have_stable_paths ... ok
test perf_contract::ideal::http::tests::supported_ids_are_explicit_and_clone_selectors_remain_unowned ... ok
test perf_contract::ideal::catalog::tests::validation_rejects_duplicate_ids ... ok
test perf_contract::ideal::inventory::tests::non_s3_exclusions_are_explicit ... ok
test perf_contract::ideal::catalog::tests::complete_catalog_is_valid_and_ids_are_unique ... ok
test perf_contract::ideal::maintenance::tests::all_maintenance_cases_use_real_storage ... ignored, requires TEST_BACKEND=minio
test perf_contract::ideal::maintenance::tests::invalidated_trigger_refills_once_then_returns_to_conditionals ... ignored, requires TEST_BACKEND=minio
test perf_contract::ideal::inventory::tests::gaps_and_no_caller_records_are_explained ... ok
test perf_contract::ideal::maintenance::tests::warm_fragment_cache_eliminates_compaction_wal_gets ... ignored, requires TEST_BACKEND=minio
test perf_contract::ideal::maintenance::tests::warm_trigger_ticks_are_conditional_and_skip_metadata_gets ... ignored, requires TEST_BACKEND=minio
test perf_contract::ideal::namespace::tests::all_namespace_cases_use_real_storage ... ignored, requires TEST_BACKEND=minio
test perf_contract::ideal::inventory::tests::production_path_ids_are_unique_and_stably_ordered ... ok
test perf_contract::ideal::maintenance::tests::owns_exactly_the_awaited_maintenance_cases ... ok
test perf_contract::ideal::inventory::tests::every_catalog_case_has_source_inventory_coverage ... ok
test perf_contract::ideal::namespace::tests::owns_exactly_the_seven_remaining_namespace_cases ... ok
test perf_contract::ideal::inventory::tests::security_policy_storage_states_have_explicit_paths ... ok
test perf_contract::ideal::inventory::tests::scenario_references_are_a_deterministic_typed_set ... ok
test perf_contract::ideal::observe::tests::equal_depth_parallel_sibling_selection_is_deterministic ... ok
test perf_contract::ideal::observe::tests::ideal_keys_normalize_run_specific_namespaces_and_segments ... ok
test perf_contract::ideal::observe::tests::serial_get_chain_excludes_heads_and_parallel_siblings ... ok
test perf_contract::ideal::inventory::tests::executable_references_name_matching_catalog_case_kinds ... ok
test perf_contract::ideal::query::tests::timestamp_as_of_history_reads_overlap_without_changing_census ... ignored, requires MinIO for timestamp history GET overlap measurement
test perf_contract::ideal::query::tests::batch_response_gate_rejects_http_200_entry_errors - should panic ... ok
test perf_contract::ideal::query::tests::executor_owns_every_non_frozen_data_plane_and_clone_case ... ok
test perf_contract::ideal::runner::tests::catalog_fingerprint_is_order_sensitive_and_stable ... ok
test perf_contract::ideal::query::tests::deterministic_vector_fixture_has_unique_ids_and_attributes ... ok
test perf_contract::ideal::variant_compaction::tests::all_variant_compaction_cases_use_real_storage ... ignored, requires TEST_BACKEND=minio
test perf_contract::ideal::runner::tests::every_catalog_case_has_exactly_one_executor ... ok
test perf_contract::ideal::variant_query::tests::all_ten_query_storage_variants_complete_against_minio ... ignored, real MinIO smoke for all ten isolated query storage variants
test perf_contract::ideal::runner::tests::ideal_budget_is_explicit_and_positive ... ok
test perf_contract::ideal::variant_compaction::tests::owns_exactly_the_seven_variant_compaction_cases ... ok
test perf_contract::ideal::runner::tests::complete_pass_requires_every_production_physical_mode ... ok
test perf_contract::ideal::variant_query::tests::executor_owns_exactly_the_ten_query_storage_variants ... ok
test perf_contract::ideal::runner::tests::ideal_scenario_filter_is_sorted_and_duplicate_free ... ok
test perf_contract::ideal::variant_query::tests::variant_specs_pin_shallow_and_deep_hierarchy_states ... ok
test perf_contract::ideal::artifacts::tests::large_indexed_batch_collapses_to_one_trace_safe_pattern ... ok
test perf_contract::latency::tests::percentile_fit_is_exact_at_distribution_quantiles ... ok
test perf_contract::ideal::variant_query::tests::legacy_fts_cluster_encoding_preserves_ids_and_vectors ... ok
test perf_contract::predict::tests::source_shape_is_retained_by_the_model ... ok
test perf_contract::ideal::inventory::tests::every_physical_variant_has_a_production_disposition ... ok
test perf_contract::scenario::tests::secured_filtered_query_directly_compares_actual_http_paths ... ignored, requires TEST_BACKEND=minio for direct paired HTTP query measurement
test perf_contract::latency::tests::sampling_is_deterministic_and_tracks_ordinals ... ok
test perf_contract::contract::tests::phase1_measures_require_their_anatomy_assertions ... ok
test perf_contract::ideal::runner::tests::ideal_filter_rejects_unknown_case_ids ... ok
test perf_contract::predict::tests::bandwidth_cap_inflates_closed_loop_mean_latency ... ok
test perf_contract::security::tests::added_delta_does_not_treat_a_cost_reduction_as_security_overhead ... ok
test perf_contract::ideal::inventory::tests::every_s3_storage_method_has_a_path_or_explicit_no_caller_record ... ok
test perf_contract::security::tests::paired_query_latency_uses_both_observed_distributions ... ok
test perf_contract::tests::cluster_grouping_override_is_rejected ... ok
test perf_selftest ... ignored, requires MinIO and intentional cost-regression injections
test predict ... ignored, requires MinIO for Tier 2 shape calibration and validation
test perf_contract::ideal::inventory::tests::storage_gateway_inventory_matches_public_async_methods ... ok
test perf_contract::tests::full_catalog_has_no_duplicates_and_keeps_phase1_prefix ... ok
test perf_contract::scenario::tests::cold_clone_uses_the_manifest_version_reset_api ... ok
test perf_contract::predict::tests::fixture_schema_and_closed_loop_identity_are_pinned ... ok
test perf_contract::contract::tests::every_counter_and_byte_map_must_be_complete ... ok
test perf_contract::profiles::tests::all_shipped_profiles_parse_strictly ... ok
test perf_contract::scenario::tests::approved_max_rejects_samples_above_the_bound ... ok
test perf_contract::scenario::tests::approved_max_accepts_samples_below_the_bound ... ok
test perf_contract::tests::secured_query_contract_freezes_phase1_security_budget ... ok
test perf_contract::tests::secured_filtered_query_contract_tracks_the_caller_filtered_baseline ... ok
test perf_contract::scenarios::tests::secured_filtered_query_builds_a_policy_only_filter_shape ... ok
test perf_contract::scenario::tests::cold_clone_rejects_multibyte_source_generation - should panic ... ok
test perf_contract::contract::tests::checked_in_catalog_contracts_pass_strict_validation ... ok
test perf_contract::ideal::inventory::tests::every_source_anchor_resolves_to_a_real_function ... ok

failures:

---- perf_contract::contract::tests::security_budget_checker_rejects_p50_overrun stdout ----

thread 'perf_contract::contract::tests::security_budget_checker_rejects_p50_overrun' (23205574) panicked at tests/perf_contract/contract.rs:1981:9:
assertion failed: violations.iter().any(|violation|
        matches!(violation, CostViolation::SecurityBudget { metric, .. } if
            metric == "authn_authz_p50_delta_ns"))


failures:
    perf_contract::contract::tests::security_budget_checker_rejects_p50_overrun

test result: FAILED. 115 passed; 1 failed; 29 ignored; 0 measured; 0 filtered out; finished in 0.03s

error: test failed, to rerun pass `--test perf_contract_tests`
     Running tests/pitr_query_tests.rs (target/debug/deps/pitr_query_tests-099a0954ea412c8b)

running 13 tests
test common::counting::tests::scoped_control_plane_keys_remain_outside_domain_cost_totals ... ok
test common::vectors::tests::test_random_vectors ... ok
test common::vectors::tests::test_clustered_vectors ... ok
test common::vectors::tests::test_with_attributes ... ok
test common::counting::tests::dedicated_perf_delete_stream_forwards_one_native_batch ... ok
test common::counting::tests::counting_delete_stream_forwards_once_and_preserves_input_order ... ok
test common::counting::tests::control_plane_io_remains_key_visible_but_does_not_change_domain_totals ... ok
test common::fault_injection::tests::matching_cas_precondition_failure_can_be_enabled_and_recovered ... ok
test query_as_of_failed_live_put_never_exposes_candidate_generation ... ok
test query_as_of_generation_timestamp_and_snapshot_read_historical_manifest ... ok
test query_rejects_unknown_as_of_query_param ... ok
test query_as_of_timestamp_scans_full_history_under_clock_skew ... ok
test query_as_of_eventual_reads_historical_compacted_manifest ... ok

test result: ok. 13 passed; 0 failed; 0 ignored; 0 measured; 0 filtered out; finished in 0.70s

     Running tests/proptest_checksum_stability.rs (target/debug/deps/proptest_checksum_stability-ab1184038508cabf)

running 5 tests
test checksum_independent_of_insertion_order ... ok
test checksum_valid_after_construction ... ok
test checksum_stable_after_roundtrip ... ok
test checksum_stable_after_double_roundtrip ... ok
test checksum_changes_on_modification ... ok

test result: ok. 5 passed; 0 failed; 0 ignored; 0 measured; 0 filtered out; finished in 0.10s

     Running tests/proptest_filter_eval.rs (target/debug/deps/proptest_filter_eval-598d342f042cdd8b)

running 4 tests
test range_on_non_numeric_is_false ... ok
test eq_missing_field_is_false ... ok
test empty_and_is_true ... ok
test filter_matches_reference ... ok

test result: ok. 4 passed; 0 failed; 0 ignored; 0 measured; 0 filtered out; finished in 0.07s

     Running tests/proptest_ivf_recall.rs (target/debug/deps/proptest_ivf_recall-0d09ba1a2c782f8e)

running 3 tests
test full_probe_perfect_recall ... ok
test recall_increases_with_nprobe ... ok
test indexed_vector_found_with_single_probe ... ok

test result: ok. 3 passed; 0 failed; 0 ignored; 0 measured; 0 filtered out; finished in 0.02s

     Running tests/proptest_merge_dedup.rs (target/debug/deps/proptest_merge_dedup-4691335324079104)

running 5 tests
test upsert_then_delete_removes ... ok
test delete_then_upsert_survives ... ok
test last_upsert_wins ... ok
test merge_matches_reference ... ok
test empty_fragments_are_noop ... ok

test result: ok. 5 passed; 0 failed; 0 ignored; 0 measured; 0 filtered out; finished in 0.08s

     Running tests/proptest_multi_writer_lease.rs (target/debug/deps/proptest_multi_writer_lease-ebc3fadaec7daa03)

running 6 tests
test zombie_detection ... ok
test fencing_token_monotonic ... ok
test double_acquire_fails ... ok
test concurrent_acquire_one_wins ... ok
test expired_lease_takeover ... ok
test acquire_release_roundtrip ... ok

test result: ok. 6 passed; 0 failed; 0 ignored; 0 measured; 0 filtered out; finished in 0.02s

     Running tests/proptest_namespace_validation.rs (target/debug/deps/proptest_namespace_validation-28412af98172e984)

running 10 tests
test empty_always_fails ... ok
test non_alnum_start_fails ... ok
test spaces_fail ... ok
test slashes_fail ... ok
test valid_names_pass ... ok
test alphanumeric_start_valid_chars_pass ... ok
test validation_matches_reference ... ok
test validation_idempotent ... ok
test max_length_valid ... ok
test too_long_fails ... ok

test result: ok. 10 passed; 0 failed; 0 ignored; 0 measured; 0 filtered out; finished in 0.19s

     Running tests/proptest_wal_scan_freshness.rs (target/debug/deps/proptest_wal_scan_freshness-19029612f3a815fa)

running 9 tests
test common::counting::tests::scoped_control_plane_keys_remain_outside_domain_cost_totals ... ok
test common::vectors::tests::test_random_vectors ... ok
test common::vectors::tests::test_clustered_vectors ... ok
test common::vectors::tests::test_with_attributes ... ok
test common::counting::tests::dedicated_perf_delete_stream_forwards_one_native_batch ... ok
test common::counting::tests::counting_delete_stream_forwards_once_and_preserves_input_order ... ok
test common::counting::tests::control_plane_io_remains_key_visible_but_does_not_change_domain_totals ... ok
test common::fault_injection::tests::matching_cas_precondition_failure_can_be_enabled_and_recovered ... ok
test wal_scan_matches_full_materialization_oracle ... ok

test result: ok. 9 passed; 0 failed; 0 ignored; 0 measured; 0 filtered out; finished in 5.32s

     Running tests/provider_conformance_tests.rs (target/debug/deps/provider_conformance_tests-811311ac01bffc1e)

running 12 tests
test common::counting::tests::scoped_control_plane_keys_remain_outside_domain_cost_totals ... ok
test common::vectors::tests::test_with_attributes ... ok
test common::counting::tests::dedicated_perf_delete_stream_forwards_one_native_batch ... ok
test common::counting::tests::counting_delete_stream_forwards_once_and_preserves_input_order ... ok
test common::counting::tests::control_plane_io_remains_key_visible_but_does_not_change_domain_totals ... ok
test common::vectors::tests::test_random_vectors ... ok
test common::vectors::tests::test_clustered_vectors ... ok
test common::fault_injection::tests::matching_cas_precondition_failure_can_be_enabled_and_recovered ... ok
test list_metadata_preserves_version_token ... ok
test supported_backend_honors_exact_atomic_strong_object_semantics ... ok
test supported_backend_keeps_user_metadata_atomic_with_body_and_cas ... ok
test overwrite_readers_never_observe_torn_payloads ... ok

test result: ok. 12 passed; 0 failed; 0 ignored; 0 measured; 0 filtered out; finished in 0.37s

     Running tests/rate_limiting_tests.rs (target/debug/deps/rate_limiting_tests-0bce3f505b3587aa)

running 12 tests
test common::counting::tests::scoped_control_plane_keys_remain_outside_domain_cost_totals ... ok
test common::vectors::tests::test_random_vectors ... ok
test common::vectors::tests::test_clustered_vectors ... ok
test client_identity_uses_trusted_proxy_xff_rightmost_untrusted ... ok
test common::vectors::tests::test_with_attributes ... ok
test common::counting::tests::counting_delete_stream_forwards_once_and_preserves_input_order ... ok
test common::counting::tests::dedicated_perf_delete_stream_forwards_one_native_batch ... ok
test common::counting::tests::control_plane_io_remains_key_visible_but_does_not_change_domain_totals ... ok
test common::fault_injection::tests::matching_cas_precondition_failure_can_be_enabled_and_recovered ... ok
test production_default_read_limit_returns_json_429 ... ok
test trusted_proxy_xff_clients_have_independent_write_buckets ... ok
test production_default_write_burst_allows_bulk_shape ... ok

test result: ok. 12 passed; 0 failed; 0 ignored; 0 measured; 0 filtered out; finished in 0.52s

     Running tests/rerank_query_tests.rs (target/debug/deps/rerank_query_tests-a16243fd29e9a8df)

running 12 tests
test common::counting::tests::scoped_control_plane_keys_remain_outside_domain_cost_totals ... ok
test common::vectors::tests::test_random_vectors ... ok
test common::vectors::tests::test_clustered_vectors ... ok
test common::vectors::tests::test_with_attributes ... ok
test common::counting::tests::counting_delete_stream_forwards_once_and_preserves_input_order ... ok
test common::counting::tests::dedicated_perf_delete_stream_forwards_one_native_batch ... ok
test common::counting::tests::control_plane_io_remains_key_visible_but_does_not_change_domain_totals ... ok
test common::fault_injection::tests::matching_cas_precondition_failure_can_be_enabled_and_recovered ... ok
test bm25_rerank_orders_candidates_by_expression_score ... ok
test default_and_none_rerank_are_byte_identical_noops ... ok
test vector_rerank_orders_candidates_by_rerank_vector ... ok
test rerank_uses_candidate_k_frontier_and_preserves_filtering ... ok

test result: ok. 12 passed; 0 failed; 0 ignored; 0 measured; 0 filtered out; finished in 0.59s

     Running tests/restore_clone_tests.rs (target/debug/deps/restore_clone_tests-a18247f45a4fc032)

running 18 tests
test common::counting::tests::scoped_control_plane_keys_remain_outside_domain_cost_totals ... ok
test common::vectors::tests::test_random_vectors ... ok
test common::vectors::tests::test_clustered_vectors ... ok
test common::vectors::tests::test_with_attributes ... ok
test common::counting::tests::counting_delete_stream_forwards_once_and_preserves_input_order ... ok
test common::counting::tests::dedicated_perf_delete_stream_forwards_one_native_batch ... ok
test common::counting::tests::control_plane_io_remains_key_visible_but_does_not_change_domain_totals ... ok
test common::fault_injection::tests::matching_cas_precondition_failure_can_be_enabled_and_recovered ... ok
test clone_as_of_ignores_history_generation_ahead_of_live_manifest ... ok
test clone_target_exists_returns_409 ... ok
test clone_current_generation_uses_live_manifest_when_history_copy_is_missing ... ok
test clone_copy_collision_surfaces_storage_error_and_retains_target ... ok
test clone_as_of_timestamp_scans_full_history_under_clock_skew ... ok
test clone_copy_failure_retains_activated_target_and_blocks_retry ... ok
test clone_holds_internal_source_pin_while_copying ... ok
test clone_materialized_branch_rebinds_copied_artifacts_to_the_target ... ok
test clone_compacted_generation_is_writable_and_survives_source_delete ... ok
test clone_timeout_cancels_paused_copy_and_leaves_history_pin ... ok

test result: ok. 18 passed; 0 failed; 0 ignored; 0 measured; 0 filtered out; finished in 1.43s

     Running tests/rq_scan_tests.rs (target/debug/deps/rq_scan_tests-27c3345edbada658)

running 11 tests
test common::counting::tests::scoped_control_plane_keys_remain_outside_domain_cost_totals ... ok
test zbp5_ranged_read_uses_published_regions_without_a_header_get ... ignored, requires TEST_BACKEND=minio to validate physical range responses
test common::vectors::tests::test_with_attributes ... ok
test common::counting::tests::dedicated_perf_delete_stream_forwards_one_native_batch ... ok
test common::counting::tests::counting_delete_stream_forwards_once_and_preserves_input_order ... ok
test common::vectors::tests::test_random_vectors ... ok
test common::counting::tests::control_plane_io_remains_key_visible_but_does_not_change_domain_totals ... ok
test common::vectors::tests::test_clustered_vectors ... ok
test common::fault_injection::tests::matching_cas_precondition_failure_can_be_enabled_and_recovered ... ok
test rq_scan_matches_sq8_unfiltered_and_at_two_filter_selectivities ... ok
test layout_substitution_preserves_top_k_ids_and_distance_bits ... ok

test result: ok. 10 passed; 0 failed; 1 ignored; 0 measured; 0 filtered out; finished in 22.32s

     Running tests/security_ann_isolation_tests.rs (target/debug/deps/security_ann_isolation_tests-7a87a95245fe1df1)

running 12 tests
test common::counting::tests::scoped_control_plane_keys_remain_outside_domain_cost_totals ... ok
test common::vectors::tests::test_with_attributes ... ok
test common::counting::tests::counting_delete_stream_forwards_once_and_preserves_input_order ... ok
test common::counting::tests::dedicated_perf_delete_stream_forwards_one_native_batch ... ok
test common::vectors::tests::test_random_vectors ... ok
test common::vectors::tests::test_clustered_vectors ... ok
test common::counting::tests::control_plane_io_remains_key_visible_but_does_not_change_domain_totals ... ok
test common::fault_injection::tests::matching_cas_precondition_failure_can_be_enabled_and_recovered ... ok
test scoped_ann_preserves_hierarchical_index_configuration ... ok
test scoped_ann_artifact_survives_restart_without_rescanning_source_segment ... ok
test mandatory_filter_ann_is_invariant_to_hidden_only_recompaction ... ok
test scoped_hierarchical_traversal_rejects_paired_node_inventory_omission ... ok

test result: ok. 12 passed; 0 failed; 0 ignored; 0 measured; 0 filtered out; finished in 0.64s

     Running tests/security_api_tests.rs (target/debug/deps/security_api_tests-6ca0d303c07b94fb)

running 27 tests
test branch_creation_uses_distinct_fork_action ... ok
test common::counting::tests::scoped_control_plane_keys_remain_outside_domain_cost_totals ... ok
test common::vectors::tests::test_with_attributes ... ok
test fork_audit_params_have_a_distinct_stable_variant ... ok
test common::counting::tests::dedicated_perf_delete_stream_forwards_one_native_batch ... ok
test common::vectors::tests::test_random_vectors ... ok
test common::vectors::tests::test_clustered_vectors ... ok
test common::counting::tests::counting_delete_stream_forwards_once_and_preserves_input_order ... ok
test common::counting::tests::control_plane_io_remains_key_visible_but_does_not_change_domain_totals ... ok
test common::fault_injection::tests::matching_cas_precondition_failure_can_be_enabled_and_recovered ... ok
test route_map_complete ... ok
test open_unsafe_allows_anonymous ... ok
test wrong_secret_right_key_id_401 ... ok
test clone_requires_target_namespace_create_scope ... ok
test metrics_read_key_can_read_metrics ... ok
test expired_key_401 ... ok
test unmapped_fallback_stays_404 ... ok
test malformed_bearer_401 ... ok
test admin_actions_disjoint ... ok
test clone_requires_source_read_and_namespace_create ... ok
test authentication_failures_remain_ip_rate_limited ... ok
test namespace_create_is_scoped_to_requested_name ... ok
test implicit_head_routes_inherit_get_security ... ok
test unauthenticated_all_protected_routes_401 ... ok
test namespace_scoped_key_cannot_cross ... ok
test healthz_public_readyz_gated ... ok
test read_only_key_can_query_cannot_mutate ... ok

test result: ok. 27 passed; 0 failed; 0 ignored; 0 measured; 0 filtered out; finished in 0.26s

     Running tests/security_audit_chain_tests.rs (target/debug/deps/security_audit_chain_tests-6594d2ab8df35763)

running 25 tests
test common::counting::tests::scoped_control_plane_keys_remain_outside_domain_cost_totals ... ok
test common::vectors::tests::test_random_vectors ... ok
test common::vectors::tests::test_clustered_vectors ... ok
test common::vectors::tests::test_with_attributes ... ok
test common::counting::tests::dedicated_perf_delete_stream_forwards_one_native_batch ... ok
test common::counting::tests::counting_delete_stream_forwards_once_and_preserves_input_order ... ok
test common::counting::tests::control_plane_io_remains_key_visible_but_does_not_change_domain_totals ... ok
test common::fault_injection::tests::matching_cas_precondition_failure_can_be_enabled_and_recovered ... ok
test durable_shutdown_fails_loudly_without_anchor_signer_on_real_test_storage ... ok
test local_writer_uses_explicit_application_clock_day ... ok
test writer_start_recovers_one_tail_object_before_accepting_records ... ok
test day_rollover_restarts_positioning_and_anchors_both_days ... ok
test deterministic_batch_slot_rejects_divergent_writers_on_real_storage ... ok
test interval_flush_and_shutdown_use_real_test_storage ... ok
test writer_start_rejects_legacy_tail_without_chain_position ... ok
test production_writer_uses_explicit_application_clock_day ... ok
test writer_head_loss_during_day_rollover_fails_health_immediately ... ok
test invalid_occupied_terminal_slot_fails_health_immediately ... ok
test delayed_stale_batch_takeover_fails_successor_health_and_recovers_evidence ... ok
test corrupt_target_day_tail_fails_health_instead_of_retrying_storage ... ok
test production_head_uses_real_storage_for_exclusion_and_empty_rotation ... ok
test production_head_resumes_a_crash_then_rotates_on_real_storage ... ok
test production_head_recovers_across_midnight_on_real_storage ... ok
test production_head_repairs_a_terminal_slot_without_an_anchor_on_real_storage ... ok
test lease_timer_reconciliation_failure_fails_health_before_expiry ... ok

test result: ok. 25 passed; 0 failed; 0 ignored; 0 measured; 0 filtered out; finished in 10.56s

     Running tests/security_audit_tests.rs (target/debug/deps/security_audit_tests-3d5aa3fdd098fee0)

running 20 tests
test common::counting::tests::scoped_control_plane_keys_remain_outside_domain_cost_totals ... ok
test common::vectors::tests::test_random_vectors ... ok
test common::vectors::tests::test_clustered_vectors ... ok
test common::vectors::tests::test_with_attributes ... ok
test common::counting::tests::counting_delete_stream_forwards_once_and_preserves_input_order ... ok
test common::counting::tests::dedicated_perf_delete_stream_forwards_one_native_batch ... ok
test common::counting::tests::control_plane_io_remains_key_visible_but_does_not_change_domain_totals ... ok
test common::fault_injection::tests::matching_cas_precondition_failure_can_be_enabled_and_recovered ... ok
test metrics_have_no_principal_labels ... ok
test open_unsafe_boot_is_audited ... ok
test test_harness_audit_chain_anchor_detects_persisted_record_drop ... ok
test audit_batching_bounds ... ok
test authn_failure_audits_the_snapshot_evaluated_before_policy_advances ... ok
test config_update_audits_old_and_new ... ok
test authentication_fails_closed_when_the_evaluated_snapshot_is_stale ... ok
test no_secrets_in_audit ... ok
test denial_writes_audit_record ... ok
test authn_failure_writes_audit_record ... ok
test namespace_delete_is_must_audit ... ok
test timeout_after_namespace_tombstone_still_writes_audit_record ... ok

test result: ok. 20 passed; 0 failed; 0 ignored; 0 measured; 0 filtered out; finished in 2.25s

     Running tests/security_authn_tests.rs (target/debug/deps/security_authn_tests-21661da55f3d549f)

running 6 tests
test expired_authorization_decision_stays_an_authentication_failure ... ok
test authentication_failure_carries_the_exact_evaluated_policy_version ... ok
test wrong_secret_right_key_id_is_unknown ... ok
test expired_key_is_rejected ... ok
test malformed_bearer_is_unknown ... ok
test canonical_bearer_authenticates_named_principal ... ok

test result: ok. 6 passed; 0 failed; 0 ignored; 0 measured; 0 filtered out; finished in 0.01s

     Running tests/security_bm25_isolation_tests.rs (target/debug/deps/security_bm25_isolation_tests-d0dccee13ef402d8)

running 18 tests
test common::counting::tests::scoped_control_plane_keys_remain_outside_domain_cost_totals ... ok
test common::vectors::tests::test_with_attributes ... ok
test common::counting::tests::counting_delete_stream_forwards_once_and_preserves_input_order ... ok
test common::counting::tests::dedicated_perf_delete_stream_forwards_one_native_batch ... ok
test common::vectors::tests::test_random_vectors ... ok
test common::vectors::tests::test_clustered_vectors ... ok
test common::counting::tests::control_plane_io_remains_key_visible_but_does_not_change_domain_totals ... ok
test common::fault_injection::tests::matching_cas_precondition_failure_can_be_enabled_and_recovered ... ok
test caller_only_filter_retains_full_wal_bm25_corpus_statistics ... ok
test hidden_only_compaction_cannot_move_visible_scores_between_wal_and_segment_scorers ... ok
test hidden_wal_documents_cannot_change_mandatory_filtered_bm25_scores_or_order ... ok
test hidden_global_documents_cannot_change_prefix_multi_field_scores_or_order ... ok
test hidden_compacted_document_changes_cannot_change_mandatory_filtered_global_bm25_scores_or_order ... ok
test strong_hidden_wal_override_removes_stale_segment_row_before_scoped_statistics ... ok
test caller_filter_only_narrows_candidates_not_mandatory_bm25_corpus_statistics ... ok
test scoped_bm25_artifact_survives_restart_without_rescanning_source_segment ... ok
test hidden_legacy_documents_cannot_change_scoped_segment_scores_or_breaker_outcome ... ok
test mandatory_filtered_bm25_fails_when_active_segment_descriptor_is_missing ... ok

test result: ok. 18 passed; 0 failed; 0 ignored; 0 measured; 0 filtered out; finished in 1.24s

     Running tests/security_boot_tests.rs (target/debug/deps/security_boot_tests-4cde6fa6899db64f)

running 17 tests
test load_without_path_fails_required_security_contract ... ok
test boot_fails_without_mode ... ok
test load_file_without_security_fails_required_security_contract ... ok
test boot_fails_security_section_without_mode ... ok
test enforced_config_allows_no_bootstrap_keys_pending_s3_authority_check ... ok
test boot_fails_zero_policy_refresh_interval ... ok
test enforced_config_requires_and_redacts_cursor_hmac_key ... ok
test boot_fails_empty_action_grants ... ok
test boot_fails_noncanonical_key_id ... ok
test boot_fails_bad_key_digest ... ok
test boot_fails_empty_key_name ... ok
test boot_fails_bad_action_name ... ok
test boot_fails_empty_namespace_scopes ... ok
test boot_fails_invalid_namespace_scope ... ok
test enforced_config_allows_expired_recovery_key_pending_s3_authority_check ... ok
test boot_fails_dup_key_id ... ok
test startup_exports_open_unsafe_security_mode_gauge ... ok

test result: ok. 17 passed; 0 failed; 0 ignored; 0 measured; 0 filtered out; finished in 0.05s

     Running tests/security_bootstrap_authority_tests.rs (target/debug/deps/security_bootstrap_authority_tests-6fb181f7a9c318ad)

running 13 tests
test common::counting::tests::scoped_control_plane_keys_remain_outside_domain_cost_totals ... ok
test common::vectors::tests::test_with_attributes ... ok
test common::counting::tests::dedicated_perf_delete_stream_forwards_one_native_batch ... ok
test common::counting::tests::counting_delete_stream_forwards_once_and_preserves_input_order ... ok
test common::vectors::tests::test_random_vectors ... ok
test common::counting::tests::control_plane_io_remains_key_visible_but_does_not_change_domain_totals ... ok
test common::vectors::tests::test_clustered_vectors ... ok
test common::fault_injection::tests::matching_cas_precondition_failure_can_be_enabled_and_recovered ... ok
test first_boot_rejects_only_expired_bootstrap_credentials ... ok
test existing_policy_ignores_expired_drifted_config_and_warns_redacted ... ok
test authoritative_policy_allows_enforced_restart_without_bootstrap_keys ... ok
test first_boot_rejects_missing_bootstrap_credentials ... ok
test concurrent_first_boot_loser_reads_winners_authoritative_head ... ok

test result: ok. 13 passed; 0 failed; 0 ignored; 0 measured; 0 filtered out; finished in 0.47s

     Running tests/security_branching_tests.rs (target/debug/deps/security_branching_tests-564998231b3dff46)

running 12 tests
test common::counting::tests::scoped_control_plane_keys_remain_outside_domain_cost_totals ... ok
test common::vectors::tests::test_with_attributes ... ok
test common::counting::tests::dedicated_perf_delete_stream_forwards_one_native_batch ... ok
test common::counting::tests::counting_delete_stream_forwards_once_and_preserves_input_order ... ok
test common::vectors::tests::test_random_vectors ... ok
test common::vectors::tests::test_clustered_vectors ... ok
test common::counting::tests::control_plane_io_remains_key_visible_but_does_not_change_domain_totals ... ok
test common::fault_injection::tests::matching_cas_precondition_failure_can_be_enabled_and_recovered ... ok
test authorized_http_fork_is_immediately_queryable_and_exact_retry_is_idempotent ... ok
test exact_active_retry_finalizes_a_crash_retained_policy_guard ... ok
test activation_and_prepared_cancellation_cas_have_one_winner_without_resurrection ... ok
test readyz_reports_bounded_orphan_root_repair_identity_without_storage_or_policy_data ... ok

test result: ok. 12 passed; 0 failed; 0 ignored; 0 measured; 0 filtered out; finished in 2.26s

     Running tests/security_clone_tests.rs (target/debug/deps/security_clone_tests-099397342e1ac84d)

running 11 tests
test common::counting::tests::scoped_control_plane_keys_remain_outside_domain_cost_totals ... ok
test common::vectors::tests::test_random_vectors ... ok
test common::vectors::tests::test_clustered_vectors ... ok
test common::vectors::tests::test_with_attributes ... ok
test common::counting::tests::dedicated_perf_delete_stream_forwards_one_native_batch ... ok
test common::counting::tests::counting_delete_stream_forwards_once_and_preserves_input_order ... ok
test common::counting::tests::control_plane_io_remains_key_visible_but_does_not_change_domain_totals ... ok
test common::fault_injection::tests::matching_cas_precondition_failure_can_be_enabled_and_recovered ... ok
test clone_copy_failure_never_deletes_an_acknowledged_concurrent_target_write ... ok
test clone_publication_rejects_a_concurrently_changed_target ... ok
test clone_rejects_policy_wide_global_read_widening_before_target_creation ... ok

test result: ok. 11 passed; 0 failed; 0 ignored; 0 measured; 0 filtered out; finished in 0.64s

     Running tests/security_constraint_audit_tests.rs (target/debug/deps/security_constraint_audit_tests-ffa2c32916c1303f)

running 13 tests
test common::counting::tests::scoped_control_plane_keys_remain_outside_domain_cost_totals ... ok
test common::vectors::tests::test_with_attributes ... ok
test common::counting::tests::dedicated_perf_delete_stream_forwards_one_native_batch ... ok
test common::counting::tests::counting_delete_stream_forwards_once_and_preserves_input_order ... ok
test common::vectors::tests::test_clustered_vectors ... ok
test common::counting::tests::control_plane_io_remains_key_visible_but_does_not_change_domain_totals ... ok
test common::vectors::tests::test_random_vectors ... ok
test common::fault_injection::tests::matching_cas_precondition_failure_can_be_enabled_and_recovered ... ok
test attribute_admin_write_cannot_succeed_when_durable_audit_put_fails ... ok
test batch_constraint_violation_is_audited_despite_top_level_success ... ok
test attribute_admin_write_is_durably_audited_with_typed_marker ... ok
test forbid_set_upsert_denial_is_durably_audited_as_constraint_violation ... ok
test constrained_query_violation_is_audited_as_authorization_denial ... ok

test result: ok. 13 passed; 0 failed; 0 ignored; 0 measured; 0 filtered out; finished in 0.86s

     Running tests/security_delegation_tests.rs (target/debug/deps/security_delegation_tests-54477c01ec1f8e83)

running 27 tests
test common::counting::tests::scoped_control_plane_keys_remain_outside_domain_cost_totals ... ok
test common::vectors::tests::test_with_attributes ... ok
test common::vectors::tests::test_random_vectors ... ok
test common::counting::tests::dedicated_perf_delete_stream_forwards_one_native_batch ... ok
test common::counting::tests::counting_delete_stream_forwards_once_and_preserves_input_order ... ok
test common::vectors::tests::test_clustered_vectors ... ok
test common::fault_injection::tests::matching_cas_precondition_failure_can_be_enabled_and_recovered ... ok
test common::counting::tests::control_plane_io_remains_key_visible_but_does_not_change_domain_totals ... ok
test narrowing_effective_scope_never_exceeds_parent ... ok
test open_unsafe_with_delegation_entitlement_fails_boot ... ok
test delegation_signing_key_contract_fails_loud_at_boot ... ok
test legacy_all_policy_is_cas_migrated_before_serving ... ok
test no_chained_minting ... ok
test token_filter_intersects_parent_filter ... ok
test mint_beyond_parent_400 ... ok
test expired_token_401_and_backward_clock_jump_does_not_resurrect ... ok
test parent_grant_removal_rechecks_current_authority ... ok
test agent_kind_in_audit_and_rate_limits ... ok
test mint_narrow_use ... ok
test approval_constraints_narrow_delegated_vector_delete ... ok
test split_security_inventory_verifies_raw_audit_after_root_ends ... ok
test overlapping_kernel_composition_rebinds_same_node_signer_to_replacement_root ... ok
test verifier_discovers_signer_published_after_verifier_boot ... ok
test direct_kernel_composition_supports_offline_audit_verification_after_root_ends ... ok
test approval_two_person ... ok
test parent_revocation_kills_tokens_on_second_node_within_freshness_bound ... ok
test concurrent_signer_registration_enforces_inventory_cap_atomically ... ok

test result: ok. 27 passed; 0 failed; 0 ignored; 0 measured; 0 filtered out; finished in 1.63s

     Running tests/security_filter_prop.rs (target/debug/deps/security_filter_prop-e95e1972d8c02e3f)

running 3 tests
test generated_vocabulary_covers_every_filter_leaf_and_attribute_value ... ok
test masked_fields_never_appear_in_projected_attributes ... ok
test mandatory_and_caller_filter_is_exact_intersection ... ok

test result: ok. 3 passed; 0 failed; 0 ignored; 0 measured; 0 filtered out; finished in 0.15s

     Running tests/security_filter_tests.rs (target/debug/deps/security_filter_tests-f377f7f9de52759c)

running 32 tests
test common::counting::tests::scoped_control_plane_keys_remain_outside_domain_cost_totals ... ok
test common::vectors::tests::test_with_attributes ... ok
test common::counting::tests::counting_delete_stream_forwards_once_and_preserves_input_order ... ok
test common::counting::tests::dedicated_perf_delete_stream_forwards_one_native_batch ... ok
test common::vectors::tests::test_random_vectors ... ok
test common::vectors::tests::test_clustered_vectors ... ok
test common::counting::tests::control_plane_io_remains_key_visible_but_does_not_change_domain_totals ... ok
test common::fault_injection::tests::matching_cas_precondition_failure_can_be_enabled_and_recovered ... ok
test conflicting_stamps_are_rejected_before_policy_publication ... ok
test clone_copies_source_data_without_inheriting_source_grants ... ok
test duplicate_stamp_key_is_rejected_before_policy_publication ... ok
test constrained_create_without_id_returns_server_owned_identity ... ok
test all_surfaces_scoped ... ok
test cannot_negate_or_widen ... ok
test constrained_attribute_admin_grant_requires_vector_upsert ... ok
test constrained_write_migrates_a_legacy_namespace_and_manifest_once ... ok
test delete_filter_cannot_reference_a_masked_field ... ok
test clone_rejects_each_constrained_control_decision ... ok
test attrless_upsert_cannot_satisfy_a_negative_mandatory_filter ... ok
test constrained_whole_namespace_surfaces_fail_closed ... ok
test constrained_upsert_cannot_reveal_hidden_id_collision ... ok
test attribute_admin_exception ... ok
test clone_rejects_target_read_widening_for_raw_copy ... ok
test cursor_stale_after_policy_change ... ok
test mandatory_filter_scopes_query ... ok
test mandatory_token_entries_empty_after_analysis_are_rejected_before_publication ... ok
test field_mask_all_surfaces ... ok
test write_stamp_and_forbid ... ok
test mandatory_filter_scopes_bm25_hybrid_and_by_id_sources ... ok
test unknown_nested_mandatory_filter_member_is_rejected_before_publication ... ok
test scoped_delete_cannot_cross ... ok
test unsupported_constrained_control_actions_fail_closed ... ok

test result: ok. 32 passed; 0 failed; 0 ignored; 0 measured; 0 filtered out; finished in 2.91s

     Running tests/security_kernel_tests.rs (target/debug/deps/security_kernel_tests-b6dbe321199a71c8)

running 2 tests
test configured_namespace_scope_denies_cross_namespace ... ok
test configured_grant_produces_full_shaped_allow_decision ... ok

test result: ok. 2 passed; 0 failed; 0 ignored; 0 measured; 0 filtered out; finished in 0.00s

     Running tests/security_license_tests.rs (target/debug/deps/security_license_tests-28e05fc4603fab2a)

running 20 tests
test common::counting::tests::scoped_control_plane_keys_remain_outside_domain_cost_totals ... ok
test community_entitlements_expose_no_licensed_features ... ok
test expired_entitlements_keep_enforcement_features_but_freeze_management_after_grace ... ok
test common::vectors::tests::test_with_attributes ... ok
test common::counting::tests::dedicated_perf_delete_stream_forwards_one_native_batch ... ok
test common::counting::tests::counting_delete_stream_forwards_once_and_preserves_input_order ... ok
test common::vectors::tests::test_random_vectors ... ok
test common::vectors::tests::test_clustered_vectors ... ok
test common::counting::tests::control_plane_io_remains_key_visible_but_does_not_change_domain_totals ... ok
test common::fault_injection::tests::matching_cas_precondition_failure_can_be_enabled_and_recovered ... ok
test release_builds_cannot_select_test_license_authority ... ok
test tampered_license_fails_boot_before_storage_composition ... ok
test license_signed_by_wrong_key_fails_boot ... ok
test entitlements_gating_is_composition_only ... ok
test expired_grace_then_frozen_keeps_reads_and_enforcement ... ok
test constraints_require_feature_when_loading_authoritative_policy ... ok
test expired_license_never_disables_constraint_enforcement ... ok
test community_enforced_boot_rejects_zero_or_expired_credentials ... ok
test community_boot_keeps_data_plane_and_stubs_security_management ... ok
test license_tool_rejects_wrong_key_and_never_clobbers_inputs ... ok

test result: ok. 20 passed; 0 failed; 0 ignored; 0 measured; 0 filtered out; finished in 0.31s

     Running tests/security_policy_counting_tests.rs (target/debug/deps/security_policy_counting_tests-ee0ccfa0964106ba)

running 11 tests
test common::counting::tests::scoped_control_plane_keys_remain_outside_domain_cost_totals ... ok
test common::vectors::tests::test_with_attributes ... ok
test common::counting::tests::counting_delete_stream_forwards_once_and_preserves_input_order ... ok
test common::counting::tests::dedicated_perf_delete_stream_forwards_one_native_batch ... ok
test common::vectors::tests::test_clustered_vectors ... ok
test common::vectors::tests::test_random_vectors ... ok
test common::counting::tests::control_plane_io_remains_key_visible_but_does_not_change_domain_totals ... ok
test common::fault_injection::tests::matching_cas_precondition_failure_can_be_enabled_and_recovered ... ok
test warmed_authentication_and_authorization_use_zero_s3_operations ... ok
test policy_mutation_is_one_immutable_put_plus_head_claim_and_cas_put ... ok
test policy_refresh_uses_at_most_one_conditional_get_per_window ... ok

test result: ok. 11 passed; 0 failed; 0 ignored; 0 measured; 0 filtered out; finished in 2.21s

     Running tests/security_policy_tests.rs (target/debug/deps/security_policy_tests-07459ca2307ed357)

running 32 tests
test common::counting::tests::scoped_control_plane_keys_remain_outside_domain_cost_totals ... ok
test common::vectors::tests::test_with_attributes ... ok
test common::vectors::tests::test_random_vectors ... ok
test common::counting::tests::counting_delete_stream_forwards_once_and_preserves_input_order ... ok
test common::counting::tests::dedicated_perf_delete_stream_forwards_one_native_batch ... ok
test common::vectors::tests::test_clustered_vectors ... ok
test common::counting::tests::control_plane_io_remains_key_visible_but_does_not_change_domain_totals ... ok
test common::fault_injection::tests::matching_cas_precondition_failure_can_be_enabled_and_recovered ... ok
test bootstrap_publishes_v1_from_config ... ok
test revoked_credential_cannot_authorize_captured_principal ... ok
test mutation_reauthorization_uses_fresh_clock_after_overlap_expiry ... ok
test malformed_key_path_is_400_without_policy_change ... ok
test rotation_overlap_semantics ... ok
test s3_policy_supersedes_drifted_boot_config ... ok
test rotation_overlap_predecessor_can_be_revoked_immediately ... ok
test create_key_returns_secret_once_digest_stored ... ok
test security_admin_events_use_actual_policy_versions ... ok
test grant_list_and_delete_publish_exact_versions ... ok
test security_admin_mutation_audits_fresh_authoritative_denial ... ok
test policy_survives_namespace_delete ... ok
test security_admin_mutation_audits_latest_allow_before_build_error ... ok
test security_admin_disjoint ... ok
test policy_cas_conflict_second_writer_gets_retryable_conflict ... ok
test namespace_rbac_grants ... ok
test security_admin_retry_load_error_audits_latest_authoritative_allow ... ok
test policy_cas_conflict_storm_is_bounded_and_retryable ... ok
test rotation_positive_overlap_accepts_old_key_only_until_deadline ... ok
test explicit_revocation_is_independent_of_reader_clock_skew ... ok
test revoked_key_denied_within_bound ... ok
test security_admin_read_surfaces_cache_swap_denial_for_handler_audit ... ok
test delayed_initial_snapshot_load_does_not_reset_freshness_origin ... ok
test stale_policy_fails_closed ... ok

test result: ok. 32 passed; 0 failed; 0 ignored; 0 measured; 0 filtered out; finished in 3.48s

     Running tests/security_preservation_tests.rs (target/debug/deps/security_preservation_tests-b19c78d3ed960ec3)

running 25 tests
test common::counting::tests::scoped_control_plane_keys_remain_outside_domain_cost_totals ... ok
test common::vectors::tests::test_with_attributes ... ok
test common::vectors::tests::test_random_vectors ... ok
test common::counting::tests::dedicated_perf_delete_stream_forwards_one_native_batch ... ok
test common::counting::tests::counting_delete_stream_forwards_once_and_preserves_input_order ... ok
test common::vectors::tests::test_clustered_vectors ... ok
test common::counting::tests::control_plane_io_remains_key_visible_but_does_not_change_domain_totals ... ok
test common::fault_injection::tests::matching_cas_precondition_failure_can_be_enabled_and_recovered ... ok
test strong_preservation_probe_sees_lock_missing_from_stale_cache ... ok
test production_manager_rejects_ungoverned_delete_before_mutation ... ok
test governed_delete_migrates_legacy_incarnation_before_binding_evidence ... ok
test lock_created_after_tombstone_blocks_resumed_physical_cleanup ... ok
test lock_survives_restart_and_remains_s3_authoritative ... ok
test lock_blocks_snapshot_and_vector_delete_surfaces ... ok
test namespace_filter_lock_conservatively_blocks_uncertain_overlap ... ok
test global_lock_blocks_multiple_namespaces_and_destruction_surfaces ... ok
test in_flight_manifest_recovery_write_cannot_resurrect_governed_delete ... ok
test destruction_evidence_survives_failure_after_record_before_manifest_removal ... ok
test lock_created_after_evidence_blocks_graph_resume_until_release ... ok
test successful_lock_cas_does_not_depend_on_a_post_commit_reread ... ok
test destruction_record_is_durable_before_namespace_removal ... ok
test gc_defers_before_listing_or_deleting_locked_namespace ... ok
test compaction_defers_existing_tombstone_and_preserves_as_of_recovery_under_lock ... ok
test lock_blocks_namespace_delete_and_release_needs_second_approver ... ok
test stale_lock_cache_fails_closed_while_reads_remain_available ... ok

test result: ok. 25 passed; 0 failed; 0 ignored; 0 measured; 0 filtered out; finished in 2.89s

     Running tests/security_rate_limit_tests.rs (target/debug/deps/security_rate_limit_tests-273f745135d38449)

running 14 tests
test common::counting::tests::scoped_control_plane_keys_remain_outside_domain_cost_totals ... ok
test common::vectors::tests::test_with_attributes ... ok
test common::counting::tests::dedicated_perf_delete_stream_forwards_one_native_batch ... ok
test common::counting::tests::counting_delete_stream_forwards_once_and_preserves_input_order ... ok
test common::vectors::tests::test_random_vectors ... ok
test common::vectors::tests::test_clustered_vectors ... ok
test common::counting::tests::control_plane_io_remains_key_visible_but_does_not_change_domain_totals ... ok
test common::fault_injection::tests::matching_cas_precondition_failure_can_be_enabled_and_recovered ... ok
test two_keys_for_one_principal_share_one_primary_bucket ... ok
test secondary_ip_bucket_caps_aggregate_authenticated_principals ... ok
test two_principals_on_one_ip_have_independent_primary_buckets ... ok
test fresh_harnesses_isolate_authoritative_security_policy ... ok
test security_admin_principal_rate_limit_rejection_is_audited ... ok
test security_admin_outer_ip_rate_limit_rejection_is_audited ... ok

test result: ok. 14 passed; 0 failed; 0 ignored; 0 measured; 0 filtered out; finished in 0.68s

     Running tests/security_refresh_lifecycle_tests.rs (target/debug/deps/security_refresh_lifecycle_tests-01333b3893421ed0)

running 11 tests
test common::counting::tests::scoped_control_plane_keys_remain_outside_domain_cost_totals ... ok
test common::vectors::tests::test_with_attributes ... ok
test common::counting::tests::counting_delete_stream_forwards_once_and_preserves_input_order ... ok
test common::counting::tests::dedicated_perf_delete_stream_forwards_one_native_batch ... ok
test common::vectors::tests::test_random_vectors ... ok
test common::counting::tests::control_plane_io_remains_key_visible_but_does_not_change_domain_totals ... ok
test common::vectors::tests::test_clustered_vectors ... ok
test common::fault_injection::tests::matching_cas_precondition_failure_can_be_enabled_and_recovered ... ok
test crash_retirement_cancels_and_joins_policy_refresh_before_replacement ... ok
test crash_retirement_cancels_and_joins_preservation_refresh_before_replacement ... ok
test crash_retirement_cancels_and_joins_signer_refresh_before_replacement ... ok

test result: ok. 11 passed; 0 failed; 0 ignored; 0 measured; 0 filtered out; finished in 1.62s

     Running tests/startup_fail_fast_tests.rs (target/debug/deps/startup_fail_fast_tests-d9ac1eb6a8d9500a)

running 3 tests
test build_app_refuses_dead_s3_when_fail_fast_enabled ... ok
test idle_shutdown_joins_background_compaction_without_fixed_sleep ... ok
test build_app_allows_dead_s3_when_fail_fast_disabled ... ok

test result: ok. 3 passed; 0 failed; 0 ignored; 0 measured; 0 filtered out; finished in 0.07s

     Running tests/storage_gc_tests.rs (target/debug/deps/storage_gc_tests-e5a5ff9cf72cd468)

running 77 tests
test common::counting::tests::scoped_control_plane_keys_remain_outside_domain_cost_totals ... ok
test common::vectors::tests::test_with_attributes ... ok
test common::counting::tests::dedicated_perf_delete_stream_forwards_one_native_batch ... ok
test common::vectors::tests::test_random_vectors ... ok
test common::counting::tests::counting_delete_stream_forwards_once_and_preserves_input_order ... ok
test common::vectors::tests::test_clustered_vectors ... ok
test common::counting::tests::control_plane_io_remains_key_visible_but_does_not_change_domain_totals ... ok
test common::fault_injection::tests::matching_cas_precondition_failure_can_be_enabled_and_recovered ... ok
test gc_cycle_keeps_pending_delete_entry_when_delete_fails ... ok
test canonical_lifecycle_marker_is_retained_gc_control_state ... ok
test gc_runner_changed_candidate_ledger_after_mark_prevents_sweep ... ok
test gc_cycle_rereads_retained_manifest_history_before_sweep ... ok
test cold_and_stateless_candidate_replacement_requires_fresh_predelete_inventory ... ok
test gc_pitr_time_retention_keeps_old_generation_and_artifacts ... ok
test gc_named_snapshot_pin_keeps_generation_until_released ... ok
test gc_pending_delete_drain_rereads_retained_history_before_deleting ... ok
test gc_cycle_retains_pending_deletes_inside_horizon ... ok
test gc_cycle_retains_pending_deletes_referenced_by_manifest_history ... ok
test gc_cycle_retains_objects_referenced_only_by_manifest_history ... ok
test cold_one_shot_gc_preserves_two_exact_candidate_ledger_puts ... ok
test gc_prunes_expired_history_and_collects_artifacts_after_horizon ... ok
test gc_cycle_deletes_then_prunes_pending_deletes ... ok
test gc_runner_candidate_phase_progresses_during_pending_delete_churn ... ok
test gc_runner_cold_retained_history_reread_fails_loud_on_late_malformed_key ... ok
test gc_runner_failed_eligible_pending_history_refresh_cannot_authorize_idle ... ok
test gc_runner_failed_refresh_does_not_commit_partial_memo ... ok
test gc_runner_eligible_pending_delete_requires_history_and_manifest_list_etags ... ok
test gc_runner_idle_gate_requires_versioned_namespace_inventory ... ok
test gc_runner_idle_gate_skips_unchanged_and_wakes_on_inventory_change ... ok
test gc_runner_idle_gate_reconciles_history_published_during_late_inventory_list ... ok
test gc_runner_history_memo_tracks_etags_and_lifecycle ... ok
test gc_runner_idle_gate_reconciles_history_published_after_prune_observation ... ok
test gc_runner_missing_history_etag_is_never_cacheable ... ok
test gc_runner_idle_gate_rejects_backward_clock_config_change_and_partial_failure ... ok
test gc_runner_idle_gate_reconciles_mature_pending_delete_published_after_cold_inventory ... ok
test gc_runner_idle_gate_wakes_at_candidate_pending_pitr_and_lease_deadlines ... ok
test gc_runner_pending_cas_retry_refreshes_history_and_invalidates_idle_on_transient_root ... ok
test gc_runner_malformed_reserved_inventory_key_aborts_before_delete ... ok
test gc_runner_mature_candidate_delete_uses_two_full_namespace_inventories ... ok
test gc_runner_idle_gate_reconciles_snapshot_recreated_during_late_inventory_list ... ok
test gc_runner_pending_cas_retry_skips_history_refresh_for_empty_or_young_queue ... ok
test gc_runner_replacement_horizon_survives_candidate_cleanup_put_failure ... ok
test gc_runner_pending_delete_failure_does_not_publish_history_memo ... ok
test gc_runner_pending_predelete_inventory_cannot_hide_candidate_replacement ... ok
test gc_runner_same_token_staging_published_after_predelete_list_protects_candidate ... ok
test gc_runner_second_namespace_inventory_sees_new_history_root_before_delete ... ok
test gc_runner_required_mark_put_failure_prevents_candidate_delete ... ok
test gc_runner_warm_empty_pending_reuses_prune_history_roots ... ok
test gc_runner_warm_new_immature_candidate_is_persisted_once_and_survives ... ok
test gc_runner_warm_due_non_delete_uses_one_full_namespace_inventory ... ok
test gc_runner_warm_equal_legacy_candidate_ledger_migrates_once ... ok
test gc_runner_warm_all_young_pending_reuses_prune_history_roots ... ok
test gc_runner_warm_eligible_pending_refresh_sees_new_history_root_before_delete ... ok
test gc_runner_warm_corrupt_history_aborts_before_any_prune_delete ... ok
test gc_runner_unversioned_sibling_cannot_hide_candidate_replacement_before_delete ... ok
test gc_runner_warm_missing_history_aborts_before_any_prune_delete ... ok
test gc_runner_warm_prune_roots_protect_every_pending_delete_without_refresh ... ok
test gc_runner_warm_prune_root_reuse_keeps_final_sweep_history_fresh ... ok
test gc_sweep_rereads_retained_history_before_deleting_candidate ... ok
test gc_snapshot_pin_does_not_retain_unreferenced_pending_delete ... ok
test malformed_reserved_inventory_key_precedes_cold_pending_delete ... ok
test gc_sweep_retains_every_candidate_when_batch_response_is_lost ... ok
test manifest_history_prune_corrupt_late_body_prevents_every_batch ... ok
test malformed_reserved_inventory_key_fails_loud_on_cold_and_stateless_paths ... ok
test pending_delete_drain_accepts_matching_not_found_batch_members ... ok
test manifest_history_prune_batches_only_after_every_body_validates ... ok
test manifest_history_prune_fails_loud_on_uncertain_delete_batches ... ok
test malformed_reserved_inventory_key_precedes_cold_candidate_ledger_decode_failure ... ok
test pending_delete_drain_retains_every_member_of_uncertain_batches ... ok
test malformed_lifecycle_inventory_key_fails_before_gc_delete ... ok
test pending_delete_drain_chunks_zero_one_thousand_and_one_thousand_one ... ok
test pending_delete_drain_1001_retains_only_the_uncertain_batch ... ok
test standalone_pending_delete_validates_every_live_overlap_before_batching ... ok
test stateless_and_warm_gc_history_prune_use_one_bounded_batch ... ok
test stateless_gc_history_prune_corrupt_late_body_prevents_every_batch ... ok
test warm_pending_delete_validates_every_live_overlap_before_batching ... ok
test background_loop_runs_gc_for_active_namespaces ... ok

test result: ok. 77 passed; 0 failed; 0 ignored; 0 measured; 0 filtered out; finished in 7.80s

     Running tests/storage_tests.rs (target/debug/deps/storage_tests-19df6c5df0252f67)

running 32 tests
test common::counting::tests::scoped_control_plane_keys_remain_outside_domain_cost_totals ... ok
test common::vectors::tests::test_with_attributes ... ok
test common::counting::tests::counting_delete_stream_forwards_once_and_preserves_input_order ... ok
test common::vectors::tests::test_clustered_vectors ... ok
test common::counting::tests::dedicated_perf_delete_stream_forwards_one_native_batch ... ok
test common::vectors::tests::test_random_vectors ... ok
test common::counting::tests::control_plane_io_remains_key_visible_but_does_not_change_domain_totals ... ok
test common::fault_injection::tests::matching_cas_precondition_failure_can_be_enabled_and_recovered ... ok
test generation_only_revalidation_falls_back_to_a_local_comparison ... ok
test test_head_storage_error ... ok
test test_put_if_match_storage_error ... ok
test test_local_backend_lifecycle ... ok
test test_local_backend_creates_dir ... ok
test test_local_backend_put_if_not_exists ... ok
test test_list_prefix_rejects_recursive_root_listing - should panic ... ok
test test_s3_build_error ... ok
test test_unsupported_backend_error ... ok
test test_s3_put_get_delete ... ok
test test_s3_get_not_found ... ok
test test_s3_list_prefix ... ok
test test_s3_overwrite ... ok
test test_delete_many_is_idempotent_for_absent_keys_and_empty_batches ... ok
test test_delete_many_rejects_more_than_one_s3_batch_before_deleting ... ok
test test_fresh_manifest_write_conditional_returns_authoritative_etag ... ok
test test_s3_exists_false ... ok
test test_delete_many_parses_every_key_before_deleting ... ok
test test_delete_many_handles_one_full_s3_batch ... ok
test test_head_not_found ... ok
test test_put_and_put_if_match_return_authoritative_etags ... ok
test test_s3_delete_prefix ... ok
test test_delete_many_rejects_duplicate_keys_before_deleting ... ok
test test_delete_prefix_paged_excludes_key_and_resumes ... ok

test result: ok. 32 passed; 0 failed; 0 ignored; 0 measured; 0 filtered out; finished in 2.14s

     Running tests/stress_tests.rs (target/debug/deps/stress_tests-7ef3118eb975d6fc)

running 15 tests
test common::counting::tests::scoped_control_plane_keys_remain_outside_domain_cost_totals ... ok
test common::vectors::tests::test_with_attributes ... ok
test common::counting::tests::counting_delete_stream_forwards_once_and_preserves_input_order ... ok
test common::counting::tests::dedicated_perf_delete_stream_forwards_one_native_batch ... ok
test common::vectors::tests::test_random_vectors ... ok
test common::vectors::tests::test_clustered_vectors ... ok
test common::fault_injection::tests::matching_cas_precondition_failure_can_be_enabled_and_recovered ... ok
test common::counting::tests::control_plane_io_remains_key_visible_but_does_not_change_domain_totals ... ok
test test_stress_concurrent_writers_same_namespace ... ok
test test_stress_concurrent_upsert_and_delete ... ok
test test_stress_large_uncompacted_wal_backlog_exact_topk ... ok
test test_stress_concurrent_readers_during_writes ... ok
test test_stress_rapid_namespace_create_delete ... ok
test test_stress_high_query_concurrency ... ok
test test_stress_large_batch_upsert ... ok

test result: ok. 15 passed; 0 failed; 0 ignored; 0 measured; 0 filtered out; finished in 1.13s

     Running tests/strong_freshness_tests.rs (target/debug/deps/strong_freshness_tests-5766f7b0e5d885a9)

running 13 tests
test common::counting::tests::scoped_control_plane_keys_remain_outside_domain_cost_totals ... ok
test common::vectors::tests::test_with_attributes ... ok
test common::counting::tests::counting_delete_stream_forwards_once_and_preserves_input_order ... ok
test common::counting::tests::dedicated_perf_delete_stream_forwards_one_native_batch ... ok
test common::vectors::tests::test_random_vectors ... ok
test common::vectors::tests::test_clustered_vectors ... ok
test common::counting::tests::control_plane_io_remains_key_visible_but_does_not_change_domain_totals ... ok
test common::fault_injection::tests::matching_cas_precondition_failure_can_be_enabled_and_recovered ... ok
test strong_query_with_unchanged_manifest_uses_one_bodyless_freshness_get ... ok
test strong_query_within_ttl_observes_manifest_advanced_on_s3 ... ok
test eventual_query_within_ttl_keeps_zero_manifest_get_fast_path ... ok
test strong_wal_update_outside_topk_still_overrides_stale_segment_vector ... ok
test strong_filtered_wal_update_still_overrides_stale_segment_attrs ... ok

test result: ok. 13 passed; 0 failed; 0 ignored; 0 measured; 0 filtered out; finished in 0.49s

     Running tests/test_harness_security_tests.rs (target/debug/deps/test_harness_security_tests-bfc6521102d2dc49)

running 9 tests
test common::counting::tests::scoped_control_plane_keys_remain_outside_domain_cost_totals ... ok
test common::vectors::tests::test_with_attributes ... ok
test common::counting::tests::dedicated_perf_delete_stream_forwards_one_native_batch ... ok
test common::counting::tests::counting_delete_stream_forwards_once_and_preserves_input_order ... ok
test common::vectors::tests::test_random_vectors ... ok
test common::vectors::tests::test_clustered_vectors ... ok
test common::counting::tests::control_plane_io_remains_key_visible_but_does_not_change_domain_totals ... ok
test common::fault_injection::tests::matching_cas_precondition_failure_can_be_enabled_and_recovered ... ok
test test_servers_generate_distinct_admin_bearers ... ok

test result: ok. 9 passed; 0 failed; 0 ignored; 0 measured; 0 filtered out; finished in 0.10s

     Running tests/test_server_audit_lifecycle_tests.rs (target/debug/deps/test_server_audit_lifecycle_tests-3fcf744dc4ec70cb)

running 11 tests
test common::counting::tests::scoped_control_plane_keys_remain_outside_domain_cost_totals ... ok
test common::vectors::tests::test_with_attributes ... ok
test common::counting::tests::dedicated_perf_delete_stream_forwards_one_native_batch ... ok
test common::counting::tests::counting_delete_stream_forwards_once_and_preserves_input_order ... ok
test common::vectors::tests::test_random_vectors ... ok
test common::vectors::tests::test_clustered_vectors ... ok
test common::fault_injection::tests::matching_cas_precondition_failure_can_be_enabled_and_recovered ... ok
test common::counting::tests::control_plane_io_remains_key_visible_but_does_not_change_domain_totals ... ok
test harness_cleanup_stops_server_before_removing_buffered_audit_objects ... ok
test crash_retirement_aborts_audit_without_writing_a_terminal_seal ... ok
test on_store_server_without_namespace_prefix_still_uses_harness_audit_scope ... ok

test result: ok. 11 passed; 0 failed; 0 ignored; 0 measured; 0 filtered out; finished in 2.30s

     Running tests/tla_violation_tests.rs (target/debug/deps/tla_violation_tests-4ed34e668a69f11c)

running 14 tests
test common::counting::tests::scoped_control_plane_keys_remain_outside_domain_cost_totals ... ok
test common::vectors::tests::test_with_attributes ... ok
test common::counting::tests::dedicated_perf_delete_stream_forwards_one_native_batch ... ok
test common::vectors::tests::test_random_vectors ... ok
test common::counting::tests::counting_delete_stream_forwards_once_and_preserves_input_order ... ok
test common::counting::tests::control_plane_io_remains_key_visible_but_does_not_change_domain_totals ... ok
test common::vectors::tests::test_clustered_vectors ... ok
test common::fault_injection::tests::matching_cas_precondition_failure_can_be_enabled_and_recovered ... ok
test test_tla_concurrent_namespace_create ... ok
test test_tla_namespace_delete_group_append_zombie ... ok
test test_tla_cache_staleness_during_compaction ... ok
test test_tla_namespace_delete_compaction_zombie ... ok
test test_tla_compaction_retry_starvation ... ok
test test_tla_namespace_delete_upsert_zombie ... ok

test result: ok. 14 passed; 0 failed; 0 ignored; 0 measured; 0 filtered out; finished in 0.02s

     Running tests/topk_parity_tests.rs (target/debug/deps/topk_parity_tests-aca66c134b70f20d)

running 12 tests
test common::counting::tests::scoped_control_plane_keys_remain_outside_domain_cost_totals ... ok
test common::vectors::tests::test_with_attributes ... ok
test common::counting::tests::counting_delete_stream_forwards_once_and_preserves_input_order ... ok
test common::counting::tests::dedicated_perf_delete_stream_forwards_one_native_batch ... ok
test common::vectors::tests::test_random_vectors ... ok
test common::counting::tests::control_plane_io_remains_key_visible_but_does_not_change_domain_totals ... ok
test common::vectors::tests::test_clustered_vectors ... ok
test common::fault_injection::tests::matching_cas_precondition_failure_can_be_enabled_and_recovered ... ok
test bm25_segment_order_pin ... ok
test ann_strong_wal_order_pin ... ok
test ann_segment_order_pin ... ok
test bm25_wal_order_pin ... ok

test result: ok. 12 passed; 0 failed; 0 ignored; 0 measured; 0 filtered out; finished in 0.60s

     Running tests/two_bit_compaction_tests.rs (target/debug/deps/two_bit_compaction_tests-8afe7f9667a1357e)

running 10 tests
test common::counting::tests::scoped_control_plane_keys_remain_outside_domain_cost_totals ... ok
test common::vectors::tests::test_with_attributes ... ok
test common::counting::tests::dedicated_perf_delete_stream_forwards_one_native_batch ... ok
test common::counting::tests::counting_delete_stream_forwards_once_and_preserves_input_order ... ok
test common::counting::tests::control_plane_io_remains_key_visible_but_does_not_change_domain_totals ... ok
test common::vectors::tests::test_random_vectors ... ok
test common::vectors::tests::test_clustered_vectors ... ok
test common::fault_injection::tests::matching_cas_precondition_failure_can_be_enabled_and_recovered ... ok
test default_quantization_is_two_bit ... ok
test compaction_round_trips_two_bit_and_scalar_modes ... ok

test result: ok. 10 passed; 0 failed; 0 ignored; 0 measured; 0 filtered out; finished in 0.47s

     Running tests/two_bit_measurement_tests.rs (target/debug/deps/two_bit_measurement_tests-359e61f933b542e5)

running 9 tests
test common::counting::tests::scoped_control_plane_keys_remain_outside_domain_cost_totals ... ok
test measure_filtered_two_bit_storage ... ignored, phase 4 slice 5 one-shot filtered-path measurement
test common::vectors::tests::test_with_attributes ... ok
test common::counting::tests::counting_delete_stream_forwards_once_and_preserves_input_order ... ok
test common::counting::tests::dedicated_perf_delete_stream_forwards_one_native_batch ... ok
test common::counting::tests::control_plane_io_remains_key_visible_but_does_not_change_domain_totals ... ok
test common::vectors::tests::test_random_vectors ... ok
test common::vectors::tests::test_clustered_vectors ... ok
test common::fault_injection::tests::matching_cas_precondition_failure_can_be_enabled_and_recovered ... ok

test result: ok. 8 passed; 0 failed; 1 ignored; 0 measured; 0 filtered out; finished in 0.00s

     Running tests/validation_tests.rs (target/debug/deps/validation_tests-30458f8e1e048bb0)

running 19 tests
test common::counting::tests::scoped_control_plane_keys_remain_outside_domain_cost_totals ... ok
test common::vectors::tests::test_with_attributes ... ok
test common::vectors::tests::test_random_vectors ... ok
test common::counting::tests::counting_delete_stream_forwards_once_and_preserves_input_order ... ok
test common::counting::tests::dedicated_perf_delete_stream_forwards_one_native_batch ... ok
test common::vectors::tests::test_clustered_vectors ... ok
test common::counting::tests::control_plane_io_remains_key_visible_but_does_not_change_domain_totals ... ok
test common::fault_injection::tests::matching_cas_precondition_failure_can_be_enabled_and_recovered ... ok
test test_nprobe_zero_rejected ... ok
test test_top_k_zero_rejected_before_namespace ... ok
test test_dimension_mismatch_names_vector_id ... ok
test test_vector_id_too_long_rejected ... ok
test test_dimensions_too_large_rejected ... ok
test test_create_namespace_rejects_invalid_fts_field_config ... ok
test test_vector_id_empty_rejected ... ok
test test_vector_id_at_max_length_accepted ... ok
test test_invalid_request_missing_namespace_is_400_not_404 ... ok
test test_dimensions_zero_rejected ... ok
test test_vector_delete_rejects_untrusted_ids_before_wal_and_audit ... ok

test result: ok. 19 passed; 0 failed; 0 ignored; 0 measured; 0 filtered out; finished in 1.01s

     Running tests/vector_fetch_tests.rs (target/debug/deps/vector_fetch_tests-01202d989b44753e)

running 12 tests
test common::counting::tests::scoped_control_plane_keys_remain_outside_domain_cost_totals ... ok
test common::vectors::tests::test_with_attributes ... ok
test common::counting::tests::dedicated_perf_delete_stream_forwards_one_native_batch ... ok
test common::counting::tests::counting_delete_stream_forwards_once_and_preserves_input_order ... ok
test common::vectors::tests::test_random_vectors ... ok
test common::vectors::tests::test_clustered_vectors ... ok
test common::counting::tests::control_plane_io_remains_key_visible_but_does_not_change_domain_totals ... ok
test common::fault_injection::tests::matching_cas_precondition_failure_can_be_enabled_and_recovered ... ok
test test_unconstrained_upsert_preserves_absent_attributes_across_compaction ... ok
test test_vector_get_missing_requested_segment_artifact_fails_loud ... ok
test test_vector_get_strong_returns_requested_missing_and_deleted_ids ... ok
test test_vector_get_projection_avoids_omitted_segment_reads ... ok

test result: ok. 12 passed; 0 failed; 0 ignored; 0 measured; 0 filtered out; finished in 0.51s

     Running tests/wal_fragment_cache_tests.rs (target/debug/deps/wal_fragment_cache_tests-12d4ccab00bcffdc)

running 13 tests
test common::counting::tests::scoped_control_plane_keys_remain_outside_domain_cost_totals ... ok
test common::vectors::tests::test_with_attributes ... ok
test common::counting::tests::dedicated_perf_delete_stream_forwards_one_native_batch ... ok
test common::counting::tests::counting_delete_stream_forwards_once_and_preserves_input_order ... ok
test common::vectors::tests::test_random_vectors ... ok
test common::vectors::tests::test_clustered_vectors ... ok
test common::counting::tests::control_plane_io_remains_key_visible_but_does_not_change_domain_totals ... ok
test common::fault_injection::tests::matching_cas_precondition_failure_can_be_enabled_and_recovered ... ok
test warm_strong_query_serves_uncompacted_wal_fragments_from_cache ... ok
test zero_capacity_redecodes_from_cached_bytes_without_changing_results ... ok
test decoded_fragment_cache_preserves_overwrite_delete_filter_and_attributes ... ok
test post_compaction_query_evicts_retired_decoded_fragments ... ok
test parallel_strong_queries_remain_correct_during_append ... ok

test result: ok. 13 passed; 0 failed; 0 ignored; 0 measured; 0 filtered out; finished in 0.41s

     Running tests/wal_post_commit_manifest_tests.rs (target/debug/deps/wal_post_commit_manifest_tests-038a5586bc099769)

running 11 tests
test common::counting::tests::scoped_control_plane_keys_remain_outside_domain_cost_totals ... ok
test common::vectors::tests::test_with_attributes ... ok
test common::counting::tests::counting_delete_stream_forwards_once_and_preserves_input_order ... ok
test common::counting::tests::dedicated_perf_delete_stream_forwards_one_native_batch ... ok
test common::vectors::tests::test_random_vectors ... ok
test common::counting::tests::control_plane_io_remains_key_visible_but_does_not_change_domain_totals ... ok
test common::vectors::tests::test_clustered_vectors ... ok
test common::fault_injection::tests::matching_cas_precondition_failure_can_be_enabled_and_recovered ... ok
test failed_live_manifest_put_does_not_wedge_a_divergent_wal_retry ... ok
test lost_manifest_cas_acknowledgement_keeps_reachable_fragment ... ok
test terminal_manifest_write_error_clears_group_commit_memo ... ok

test result: ok. 11 passed; 0 failed; 0 ignored; 0 measured; 0 filtered out; finished in 0.28s

     Running tests/wal_tests.rs (target/debug/deps/wal_tests-bd86faca8740f10a)

running 25 tests
test common::counting::tests::scoped_control_plane_keys_remain_outside_domain_cost_totals ... ok
test common::vectors::tests::test_with_attributes ... ok
test common::vectors::tests::test_random_vectors ... ok
test common::counting::tests::counting_delete_stream_forwards_once_and_preserves_input_order ... ok
test common::vectors::tests::test_clustered_vectors ... ok
test common::counting::tests::dedicated_perf_delete_stream_forwards_one_native_batch ... ok
test test_fragment_checksum_corruption ... ok
test common::fault_injection::tests::matching_cas_precondition_failure_can_be_enabled_and_recovered ... ok
test common::counting::tests::control_plane_io_remains_key_visible_but_does_not_change_domain_totals ... ok
test test_fragment_serialize_deserialize_roundtrip ... ok
test test_wal_writer_sequential_consistency ... ok
test test_wal_writer_append_single_fragment ... ok
test test_wal_reader_read_uncompacted_fragments ... ok
test guarded_append_rejects_a_legacy_unbound_manifest ... ok
test scoped_delete_append_rejects_recreated_namespace_incarnation ... ok
test test_wal_fragment_key_listing ... ok
test test_wal_writer_append_multiple_fragments ... ok
test test_wal_reader_empty_namespace ... ok
test test_wal_writer_concurrent_appends ... ok
test legacy_manifest_incarnation_migration_is_cas_bound_and_idempotent ... ok
test scoped_delete_append_ignores_an_older_process_memo ... ok
test legacy_manifest_migration_rejects_missing_or_empty_get_etags_before_any_put ... ok
test scoped_delete_append_rejects_a_changed_authority_manifest ... ok
test bound_manifest_read_rejects_missing_or_empty_get_etags_before_any_put ... ok
test guarded_appends_from_one_snapshot_never_coalesce ... ok

test result: ok. 25 passed; 0 failed; 0 ignored; 0 measured; 0 filtered out; finished in 6.39s

     Running tests/warm_parity_tests.rs (target/debug/deps/warm_parity_tests-d09b6fbc36bf665c)

running 13 tests
test common::counting::tests::scoped_control_plane_keys_remain_outside_domain_cost_totals ... ok
test common::vectors::tests::test_with_attributes ... ok
test common::counting::tests::counting_delete_stream_forwards_once_and_preserves_input_order ... ok
test common::counting::tests::dedicated_perf_delete_stream_forwards_one_native_batch ... ok
test common::counting::tests::control_plane_io_remains_key_visible_but_does_not_change_domain_totals ... ok
test common::vectors::tests::test_random_vectors ... ok
test common::fault_injection::tests::matching_cas_precondition_failure_can_be_enabled_and_recovered ... ok
test common::vectors::tests::test_clustered_vectors ... ok
test test_warm_parity_detects_same_length_cached_corruption ... ok
test test_warm_parity_bit_identical ... ok
test test_restart_rebuild_identical ... ok
test test_rotation_gen1_to_gen2 ... ok
test test_np128_exact_sentinel_warm_and_cold ... ok

test result: ok. 13 passed; 0 failed; 0 ignored; 0 measured; 0 filtered out; finished in 1.40s

     Running tests/warm_range_tests.rs (target/debug/deps/warm_range_tests-791da2f4d53a5ad2)

running 12 tests
test common::counting::tests::scoped_control_plane_keys_remain_outside_domain_cost_totals ... ok
test common::vectors::tests::test_with_attributes ... ok
test common::counting::tests::counting_delete_stream_forwards_once_and_preserves_input_order ... ok
test common::counting::tests::dedicated_perf_delete_stream_forwards_one_native_batch ... ok
test common::vectors::tests::test_random_vectors ... ok
test common::counting::tests::control_plane_io_remains_key_visible_but_does_not_change_domain_totals ... ok
test common::vectors::tests::test_clustered_vectors ... ok
test common::fault_injection::tests::matching_cas_precondition_failure_can_be_enabled_and_recovered ... ok
test test_range_source_metric_records_s3_and_local_sources ... ok
test test_cached_full_cluster_objects_eliminate_cluster_range_gets ... ok
test test_corrupt_cached_object_evicted_and_served_from_s3 ... ok
test test_empty_cache_range_plan_matches_no_cache_and_does_not_insert_ranges ... ok

test result: ok. 12 passed; 0 failed; 0 ignored; 0 measured; 0 filtered out; finished in 0.74s

     Running tests/write_path_tests.rs (target/debug/deps/write_path_tests-f3b3626f9afb2d2b)

running 19 tests
test common::counting::tests::scoped_control_plane_keys_remain_outside_domain_cost_totals ... ok
test common::vectors::tests::test_with_attributes ... ok
test common::counting::tests::counting_delete_stream_forwards_once_and_preserves_input_order ... ok
test common::vectors::tests::test_random_vectors ... ok
test common::vectors::tests::test_clustered_vectors ... ok
test common::counting::tests::dedicated_perf_delete_stream_forwards_one_native_batch ... ok
test common::counting::tests::control_plane_io_remains_key_visible_but_does_not_change_domain_totals ... ok
test common::fault_injection::tests::matching_cas_precondition_failure_can_be_enabled_and_recovered ... ok
test test_sequential_group_commit_reuses_committed_manifest_etag ... ok
test test_fencing_rejected_append_leaves_no_orphan ... ok
test test_missing_manifest_append_leaves_no_orphan ... ok
test test_group_commit_manifest_memo_namespace_recreate_is_cold ... ok
test test_group_commit_coalesces_manifest_puts ... ok
test test_single_append_roundtrip_unchanged ... ok
test test_group_commit_manifest_memo_preserves_fencing_after_takeover ... ok
test test_group_commit_manifest_memo_restart_is_cold ... ok
test test_group_commit_manifest_memo_conflict_rebuilds_from_authority ... ok
test test_concurrent_writers_backoff_absorbs_conflicts ... ok
test test_group_commit_mixed_fencing_tokens_no_deadlock ... ok

test result: ok. 19 passed; 0 failed; 0 ignored; 0 measured; 0 filtered out; finished in 7.29s

error: 2 targets failed:
    `--test compaction_tests`
    `--test perf_contract_tests`
